32,Twelve Monkeys,1995,0,0
33,Wings of Courage,1995,0,0
39,Clueless,1995,0,0
56,Kids of the Round Table,1997,0,0
59,Le confessionnal,1995,0,0
61,Eye for an Eye,1996,0,0
63,Don't Be a Menace to South Central While Drinking Your Juice in the Hood,1996,0,0
69,Friday,1995,0,0
115,Le bonheur est dans le pré,1995,0,0
126,The Neverending Story III,1994,0,0
128,Jupiter's Wife,1995,0,0
129,Pie in the Sky,1996,0,0
134,Sonic Outlaws,1995,0,0
139,Hard Target,1993,0,0
178,Love & Human Remains,1993,0,0
179,Mad Love,1995,0,0
184,Nadja,1994,0,0
189,The Reckless Moment,1949,0,0
190,Fail-Safe,1964,0,0
220,Castle Freak,1995,0,0
238,Far from Home: The Adventures of Yellow Dog,1995,0,0
244,Gumby: The Movie,1995,0,0
250,Heavy Weights,1995,0,0
255,The Jerky Boys,1995,0,0
258,A Kid in King Arthur's Court,1995,0,0
261,Little Women,1994,0,0
266,Legends of the Fall,1994,0,0
284,Nyû Yôku no koppu,1993,0,0
285,Beyond Bedlam,1994,0,0
286,Nemesis 2: Nebula,1995,0,0
290,Once Were Warriors,1994,0,0
291,Poison Ivy II,1996,0,0
298,Tui shou,1992,0,0
310,Rent-a-Kid,1995,0,0
336,Incubo sulla città contaminata,1980,0,0
340,War,2007,0,0
373,Red Rock West,1993,0,0
392,The Secret Adventures of Tom Thumb,1993,0,0
396,Fall Time,1995,0,0
401,Mirage,1965,0,0
405,Highlander III: The Sorcerer,1994,0,0
421,Black Beauty,1994,0,0
448,Huo Yuan Jia,2006,0,0
464,Hard Target,1993,0,0
470,House Party 3,1994,0,0
488,M. Butterfly,1993,0,0
502,The Next Karate Kid,1994,0,0
526,Les nuits fauves,1992,0,0
537,Sairen,2006,0,0
541,Blade Runner,1982,0,0
545,Harem suaré,1999,0,0
560,"The Beans of Egypt, Maine",1994,0,0
561,Killer Movie,2008,0,0
567,Kika,1993,0,0
571,Wide-Eyed and Legless,1993,0,0
572,Foreign Student,1994,0,0
575,The Little Rascals,1994,0,0
582,Métisse,1993,0,0
594,Snow White and the Seven Dwarfs,1937,0,0
600,Love and a .45,1994,0,0
614,Loaded,2008,0,0
615,Pane e cioccolata,1973,0,0
620,Cerro Torre: Schrei aus Stein,1991,0,0
621,Ma saison préférée,1993,0,0
625,Asfour Stah,1990,0,0
627,The Last Supper,1995,0,0
629,Rude Boy,1980,0,0
634,Theodore Rex,1995,0,0
636,Nina Frisk,2007,0,0
639,Girl 6,1996,0,0
655,Mutters Courage,1995,0,0
658,Billy's Holiday,1995,0,0
666,Lust och fägring stor,1995,0,0
667,Bloodsport 2,1996,0,0
678,Some Folks Call It a Sling Blade,1994,0,0
682,Tigrero: A Film That Was Never Made,1994,0,0
683,L'oeil de Vichy,1993,0,0
693,Etz Hadomim Tafus,1995,0,0
698,Delta of Venus,1995,0,0
701,Daens,1992,0,0
705,Così fan tutte,1992,0,0
713,Of Love and Shadows,1994,0,0
722,The Haunted World of Edward D. Wood Jr.,1995,0,0
726,Save the Last Dance,2001,0,0
727,War Stories,2003,0,0
738,Le garçu,1995,0,0
744,Brothers in Trouble,1995,0,0
745,Wallace and Gromit in A Close Shave,1995,0,0
754,Gold Diggers: The Secret of Bear Mountain,1995,0,0
755,Kim,1950,0,0
756,Carmen Miranda: Bananas Is My Business,1995,0,0
761,Star Wars: Episode I - The Phantom Menace,1999,0,0
763,The Last of the High Kings,1996,0,0
774,Wend Kuuni,1982,0,0
783,The Hunchback of Notre Dame,1939,0,0
787,The Gate of Heavenly Peace,1995,0,0
791,"The Last Klezmer: Leopold Kozlowski, His Life and Music",1994,0,0
792,"Hol volt, hol nem volt",1987,0,0
793,En compagnie d'Antonin Artaud,1993,0,0
796,A Very Natural Thing,1974,0,0
800,Lone Star State of Mind,2002,0,0
814,A Boy Called Hate,1995,0,0
824,Jeder für sich und Gott gegen alle,1974,0,0
827,O Convento,1995,0,0
838,Emma,1996,0,0
844,Xinghua san yue tian,1994,0,0
845,Tian guo ni zi,1994,0,0
850,Xich lo,1995,0,0
851,Basquiat,1996,0,0
868,Death in Brunswick,1991,0,0
872,Ai qing wan sui,1994,0,0
884,Sweet Nothing in My Ear,2008,0,0
887,Talk of Angels,1998,0,0
888,The Land Before Time III: The Time of the Great Giving,1995,0,0
897,For Whom the Bell Tolls,1943,0,0
907,The Gay Divorcee,1934,0,0
921,My Favorite Year,1982,0,0
925,Golden Earrings,1947,0,0
928,Rebecca,1940,0,0
933,To Catch a Thief,1955,0,0
939,The Reluctant Debutante,1958,0,0
942,Laura,1944,0,0
943,The Ghost and Mrs. Muir,1947,0,0
944,Lost Horizon,1937,0,0
951,His Girl Friday,1940,0,0
959,Of Human Bondage,1934,0,0
960,Angel on My Shoulder,1946,0,0
961,Little Lord Fauntleroy,1936,0,0
963,The Inspector General,1949,0,0
964,Angel and the Badman,1947,0,0
966,A Walk in the Sun,1945,0,0
967,Outlaw,2007,0,0
973,Meet John Doe,1941,0,0
976,A Farewell to Arms,1932,0,0
980,Huang jia shi jie,1985,0,0
1008,"Davy Crockett, King of the Wild Frontier",1955,0,0
1011,Herbie Rides Again,1974,0,0
1021,Angels in the Outfield,1951,0,0
1026,So Dear to My Heart,1948,0,0
1037,The Lawnmower Man,1992,0,0
1039,Synthetic Pleasures,1995,0,0
1040,Secret Agent,1936,0,0
1045,Love Is All There Is,1996,0,0
1058,Azúcar amarga,1996,0,0
1059,Romeo + Juliet,1996,0,0
1064,Aladdin and the King of Thieves,1995,0,0
1069,"Murder, My Sweet",1944,0,0
1071,For the Moment,1993,0,0
1073,Willy Wonka & the Chocolate Factory,1971,0,0
1085,The Old Man and the Sea,1958,0,0
1087,M. Butterfly,1993,0,0
1098,The Search for One-eye Jimmy,1994,0,0
1099,A Christmas Carol,1984,0,0
1101,Top Gun,1986,0,0
1102,American Strays,1996,0,0
1105,Children of the Corn: The Gathering,1996,0,0
1116,La fille seule,1995,0,0
1121,Glory Daze,1995,0,0
1125,The Return of the Pink Panther,1975,0,0
1137,Hustler White,1996,0,0
1138,Dadetown,1995,0,0
1144,The Line King: The Al Hirschfeld Story,1996,0,0
1148,Wallace & Gromit in The Wrong Trousers,1993,0,0
1150,Le retour de Martin Guerre,1982,0,0
1151,Faust: Love of the Damned,2000,0,0
1152,He Walked by Night,1948,0,0
1154,T-Men,1947,0,0
1156,I bambini ci guardano,1944,0,0
1157,La symphonie pastorale,1946,0,0
1163,Mina Tannenbaum,1994,0,0
1170,Best of the Best 3: No Turning Back,1995,0,0
1178,Paths of Glory,1957,0,0
1188,Strictly Ballroom,1992,0,0
1198,Raiders of the Lost Ark,1981,0,0
1206,A Clockwork Orange,1971,0,0
1214,Alien,1979,0,0
1223,A Grand Day Out with Wallace and Gromit,1989,0,0
1248,Touch of Evil,1958,0,0
1255,Bad Taste,1987,0,0
1259,Stand by Me,1986,0,0
1262,The Great Escape,1963,0,0
1298,Pink Floyd The Wall,1982,0,0
1311,Santa with Muscles,1996,0,0
1314,Breathing Room,2008,0,0
1322,Amityville 1992: It's About Time,1992,0,0
1324,Amityville: Dollhouse,1996,0,0
1325,Amityville: A New Generation,1993,0,0
1328,The Amityville Curse,1990,0,0
1330,April Fool's Day,2008,0,0
1331,Audrey Rose,1977,0,0
1332,Believers,2007,0,0
1334,The Blob,1988,0,0
1335,Blood Beach,1980,0,0
1349,Nosferatu a Venezia,1988,0,0
1364,Kjærlighetens kjøtere,1995,0,0
1382,Marked for Death,1990,0,0
1386,Terror in a Texas Town,1958,0,0
1397,Bastard Out of Carolina,1996,0,0
1420,Message to Love: The Isle of Wight Festival,1997,0,0
1421,The Grateful Dead,1977,0,0
1423,Hearts and Minds,1974,0,0
1437,The Cement Garden,1993,0,0
1476,Private Parts,1997,0,0
1482,Van Helsing,2004,0,0
1486,The Quiet Room,1996,0,0
1496,Anna Karenina,1935,0,0
1502,KISS Meets the Phantom of the Park,1978,0,0
1517,Austin Powers: International Man of Mystery,1997,0,0
1522,Ripe,1996,0,0
1531,Losing Chase,1996,0,0
1534,Le bonheur,1965,0,0
1538,The Second Jungle Book: Mowgli & Baloo,1997,0,0
1558,Sudden Manhattan,1996,0,0
1562,Batman & Robin,1997,0,0
1565,Head Above Water,1996,0,0
1567,The Last Time I Committed Suicide,1997,0,0
1632,A Smile Like Yours,1997,0,0
1636,Stag,1997,0,0
1663,Stripes,1981,0,0
1675,Incognito,1997,0,0
1679,Chairman of the Board,1998,0,0
1685,"I Love You, I Love You Not",1996,0,0
1698,Les Boys,1997,0,0
1708,Ill Gotten Gains,1997,0,0
1710,Man of Her Dreams,1997,0,0
1714,Never Met Picasso,1996,0,0
1716,"Other Voices, Other Rooms",1995,0,0
1744,Firestorm,1998,0,0
1748,Dark City,1998,0,0
1756,The Prophecy II,1998,0,0
1765,A Letter from Death Row,1998,0,0
1767,Music from Another Room,1998,0,0
1773,Tokyo Fist,1995,0,0
1781,A Further Gesture,1997,0,0
1782,Little City,1997,0,0
1789,The Sadness of Sex,1995,0,0
1795,El callejón de los milagros,1995,0,0
1796,In God's Hands,1998,0,0
1811,Niagara,1953,0,0
1819,Storefront Hitchcock,1998,0,0
1826,Barney's Great Adventure,1998,0,0
1835,City of Angels,1998,0,0
1843,Slappy and the Stinkers,1998,0,0
1849,Prince Valiant,1954,0,0
1851,Leather Jacket Love Story,1997,0,0
1861,Budbringeren,1997,0,0
1871,Priyatel pokoynika,1997,0,0
1890,Little Boy Blue,1997,0,0
1908,Resurrection Man,1998,0,0
1915,Viagem ao Princípio do Mundo,1997,0,0
1942,All the King's Men,2006,0,0
1943,The Greatest Show on Earth,1952,0,0
1963,Take the Money and Run,1969,0,0
1976,Friday the 13th Part III,1982,0,0
1977,Friday the 13th: The Final Chapter,1984,0,0
1978,Friday the 13th: A New Beginning,1985,0,0
1979,Jason Lives: Friday the 13th Part VI,1986,0,0
1980,Friday the 13th Part VII: The New Blood,1988,0,0
1988,Hello Mary Lou: Prom Night II,1987,0,0
1989,Prom Night III: The Last Kiss,1990,0,0
1990,Prom Night IV: Deliver Us from Evil,1992,0,0
1995,Poltergeist II: The Other Side,1986,0,0
1996,Poltergeist III,1988,0,0
1998,Exorcist II: The Heretic,1977,0,0
2008,"This World, Then the Fireworks",1997,0,0
2016,The Apple Dumpling Gang Rides Again,1979,0,0
2030,Dong gong xi gong,1996,0,0
2031,The Million Dollar Duck,1971,0,0
2032,The Barefoot Executive,1971,0,0
2036,Blank Check,1994,0,0
2037,Candleshoe,1977,0,0
2038,The Cat from Outer Space,1978,0,0
2040,The Computer Wore Tennis Shoes,1969,0,0
2044,The Devil and Max Devlin,1981,0,0
2046,Flight of the Navigator,1986,0,0
2051,Herbie Goes to Monte Carlo,1977,0,0
2055,Hot Lead and Cold Feet,1978,0,0
2056,In Search of the Castaways,1962,0,0
2058,The Negotiator,1998,0,0
2061,Full Tilt Boogie,1997,0,0
2064,Roger & Me,1989,0,0
2065,The Purple Rose of Cairo,1985,0,0
2070,Tender Mercies,1983,0,0
2071,And the Band Played On,1993,0,0
2073,Fandango,1985,0,0
2079,Kidnap,2008,0,0
2083,The Muppet Christmas Carol,1992,0,0
2092,The Return of Jafar,1994,0,0
2098,Son of Flubber,1963,0,0
2102,Steamboat Willie,1928,0,0
2103,Tall Tale,1995,0,0
2110,Dead Men Don't Wear Plaid,1982,0,0
2113,Graveyard Shift,1990,0,0
2119,Maximum Overdrive,1986,0,0
2121,Cujo,1983,0,0
2122,Children of the Corn,1984,0,0
2127,"First Love, Last Rites",1997,0,0
2129,Die Salzmänner von Tibet,1997,0,0
2130,Atlantic City,1980,0,0
2146,St. Elmo's Fire,1985,0,0
2149,House II: The Second Story,1987,0,0
2157,La femme de chambre du Titanic,1997,0,0
2158,"Henry: Portrait of a Serial Killer, Part 2",1996,0,0
2160,Rosemary's Baby,1968,0,0
2161,The Neverending Story III,1994,0,0
2162,The Neverending Story II: The Next Chapter,1990,0,0
2163,Attack of the Killer Tomatoes!,1978,0,0
2164,Surf Nazis Must Die,1987,0,0
2173,The Navigator: A Mediaeval Odyssey,1988,0,0
2175,Deja Vu,2006,0,0
2181,Marnie,1964,0,0
2183,The Man Who Knew Too Much,1956,0,0
2199,Griffin & Phoenix,2006,0,0
2211,Secret Agent,1936,0,0
2212,The Man Who Knew Too Much,1956,0,0
2214,Number Seventeen,1932,0,0
2215,Rich and Strange,1931,0,0
2218,Juno and the Paycock,1930,0,0
2222,Champagne,1928,0,0
2223,The Farmer's Wife,1928,0,0
2229,The Pleasure Garden,1925,0,0
2242,"Grandview, U.S.A.",1984,0,0
2246,Stars and Bars,1988,0,0
2247,Married to the Mob,1988,0,0
2252,Heroes,2006,0,0
2256,Parasite,1982,0,0
2257,No Small Affair,1984,0,0
2258,Shao Lin san shi liu fang,1978,0,0
2265,Nothing But Trouble,1991,0,0
2288,The Thing,1982,0,0
2289,The Player,1992,0,0
2292,Overnight Delivery,1998,0,0
2299,The Battle of the Sexes,1959,0,0
2301,History of the World: Part I,1981,0,0
2302,My Cousin Vinny,1992,0,0
2304,Love Is the Devil: Study for a Portrait of Francis Bacon,1998,0,0
2317,Life During Wartime,1997,0,0
2326,Shattered Image,1998,0,0
2342,Hard Core Logo,1996,0,0
2343,The Naked Man,1998,0,0
2345,Desert Bloom,1986,0,0
2370,The Emerald Forest,1985,0,0
2373,Red Sonja,2011,0,0
2377,Lifeforce,1985,0,0
2378,Police Academy,1984,0,0
2379,Police Academy 2: Their First Assignment,1985,0,0
2382,Police Academy 5: Assignment: Miami Beach,1988,0,0
2383,Police Academy 6: City Under Siege,1989,0,0
2397,Mass Appeal,1984,0,0
2419,Extremities,1986,0,0
2421,"The Karate Kid, Part II",1986,0,0
2452,The Gate II: Trespassers,1990,0,0
2456,The Fly II,1989,0,0
2458,Armed and Dangerous,1986,0,0
2465,Deadly Friend,1986,0,0
2471,'Crocodile' Dundee II,1988,0,0
2483,El día de la bestia,1995,0,0
2492,20 Dates,1998,0,0
2509,Eight Days a Week,1997,0,0
2513,Pet Sematary,1989,0,0
2514,Pet Sematary II,1992,0,0
2516,Children of the Corn III: Urban Harvest,1995,0,0
2522,Airport '77,1977,0,0
2523,Rollercoaster,1977,0,0
2526,Meteor,1979,0,0
2534,Avalanche Alley,2001,0,0
2535,10.5,2004,0,0
2538,Dancemaker,1998,0,0
2548,The Rage: Carrie 2,1999,0,0
2554,Children of the Damned,1964,0,0
2556,Telling You,1998,0,0
2584,Foolish Wives,1922,0,0
2589,Friends & Lovers,1999,0,0
2601,A Little Bit of Soul,1998,0,0
2602,Xing xing wang,1977,0,0
2610,Three Seasons,1999,0,0
2614,Chopping Mall,1986,0,0
2615,My Science Project,1985,0,0
2619,Mascara,1987,0,0
2622,A Midsummer Night's Dream,1999,0,0
2625,Hak hap,1996,0,0
2626,Edge of Seventeen,1998,0,0
2628,Star Wars: Episode I - The Phantom Menace,1999,0,0
2629,The Love Letter,1999,0,0
2635,The Mummy's Curse,1944,0,0
2636,The Mummy's Ghost,1944,0,0
2637,The Mummy's Hand,1940,0,0
2647,House of Frankenstein,1944,0,0
2649,Son of Frankenstein,1939,0,0
2650,The Ghost of Frankenstein,1942,0,0
2651,Frankenstein Meets the Wolf Man,1943,0,0
2652,The Curse of Frankenstein,1957,0,0
2656,Tarantula,1955,0,0
2659,It Came from Hollywood,1982,0,0
2663,It Came from Beneath the Sea,1955,0,0
2665,Earth vs. the Flying Saucers,1956,0,0
2666,It Conquered the World,1956,0,0
2667,The Mole People,1956,0,0
2669,Pork Chop Hill,1959,0,0
2670,Run Silent Run Deep,1958,0,0
2689,Get Smart's Bruce and Lloyd Out of Control,2008,0,0
2694,Big Daddy,1999,0,0
2702,Summer of Sam,1999,0,0
2703,Broken Vessels,1998,0,0
2746,The Little Shop of Horrors,1960,0,0
2747,The Little Shop of Horrors,1960,0,0
2748,Allan Quatermain and the Lost City of Gold,1986,0,0
2753,The Bedroom Window,1987,0,0
2754,Deadtime Stories,1986,0,0
2766,The Adventures of Sebastian Cole,1998,0,0
2768,Stiff Upper Lips,1998,0,0
2775,Gegen die Wand,2004,0,0
2779,Heaven Can Wait,1943,0,0
2780,The Raven,1963,0,0
2781,The Tingler,1959,0,0
2782,Pit and the Pendulum,1961,0,0
2783,The Tomb of Ligeia,1964,0,0
2784,The Masque of the Red Death,1964,0,0
2785,Tales of Terror,1962,0,0
2786,Haunted Honeymoon,1986,0,0
2789,Damien: Omen II,1978,0,0
2794,European Vacation,1985,0,0
2798,Problem Child 2,1991,0,0
2799,Problem Child 2,1991,0,0
2800,Little Nemo: Adventures in Slumberland,1989,0,0
2801,Oscar and Lucinda,1997,0,0
2813,The Source,1999,0,0
2814,The Vampire Bat,1933,0,0
2815,Iron Eagle,1986,0,0
2816,Iron Eagle II,1988,0,0
2818,Iron Eagle IV,1995,0,0
2821,Male and Female,1919,0,0
2823,"Die Spinnen, 1. Teil - Der Goldene See",1919,0,0
2825,Ring Around the Rosie,2006,0,0
2832,The Lost Son,1999,0,0
2846,Koneko monogatari,1986,0,0
2851,Saturn 3,1980,0,0
2853,Communion,1976,0,0
2854,The Forgotten,1973,0,0
2856,I Saw What You Did,1965,0,0
2866,The Buddy Holly Story,1978,0,0
2868,Fright Night Part 2,1988,0,0
2873,Lulu on the Bridge,1998,0,0
2874,The Pajama Game,1957,0,0
2880,Long xiong hu di,1987,0,0
2895,Napoleon and Samantha,1972,0,0
2896,Alvarez Kelly,1966,0,0
2897,E la nave va,1983,0,0
2899,Gulliver's Travels,1939,0,0
2902,American Psycho II: All American Girl,2002,0,0
2923,Handle with Care,1977,0,0
2934,El amor brujo,1986,0,0
2938,Hombre mirando al sudeste,1986,0,0
2939,Niagara,1953,0,0
2940,Gilda,1946,0,0
2941,South Pacific,1958,0,0
2945,Mike's Murder,1984,0,0
2954,Penitentiary,1979,0,0
2955,Penitentiary II,1982,0,0
2958,Naturally Native,1998,0,0
2967,The Bad Seed,1956,0,0
2972,Hong gao liang,1987,0,0
2974,The Vampire Bat,1933,0,0
2975,The Best Man,2005,0,0
2981,Brother Can You Spare a Dime,1975,0,0
2992,Rawhead Rex,1986,0,0
3014,Bustin' Loose,1981,0,0
3021,The Funhouse,1981,0,0
3024,Piranha,1978,0,0
3026,Slaughterhouse-Five,1972,0,0
3027,Slaughterhouse-Five,1972,0,0
3028,The Taming of the Shrew,1967,0,0
3035,Mister Roberts,1955,0,0
3041,Meatballs Part II,1984,0,0
3042,Meatballs III: Summer Job,1986,0,0
3043,Meatballs 4,1992,0,0
3056,Oxygen,1999,0,0
3062,The Longest Day,1962,0,0
3064,Poison Ivy: The New Seduction,1997,0,0
3069,The Effect of Gamma Rays on Man-in-the-Moon Marigolds,1972,0,0
3073,The Sandpiper,1965,0,0
3082,The World Is Not Enough,1999,0,0
3085,La morte vivante,1982,0,0
3090,Matewan,1987,0,0
3092,Chûshingura,1962,0,0
3112,"'night, Mother",1986,0,0
3119,Reazione a catena,1971,0,0
3121,The Hitch-Hiker,1953,0,0
3122,Santa Fe Trail,1940,0,0
3132,Daddy Long Legs,1955,0,0
3133,Go West,1940,0,0
3136,The James Dean Story,1957,0,0
3139,Tarzan the Fearless,1933,0,0
3140,Three Ages,1923,0,0
3142,U2: Rattle and Hum,1988,0,0
3143,Hell in the Pacific,1968,0,0
3144,The Glass Bottom Boat,1966,0,0
3154,Blood on the Sun,1945,0,0
3166,Brenda Starr,1989,0,0
3171,Room at the Top,1959,0,0
3172,Ulisse,1954,0,0
3178,The Hurricane,1937,0,0
3191,The Quarry,1998,0,0
3195,Tess of the Storm Country,1922,0,0
3198,Papillon,1973,0,0
3199,Pal Joey,1957,0,0
3207,The Snows of Kilimanjaro,1952,0,0
3209,The Loves of Carmen,1948,0,0
3215,Voyage of the Damned,1976,0,0
3217,A Star Is Born,1937,0,0
3220,Night Tide,1961,0,0
3226,Hellhounds on My Trail: The Afterlife of Robert Johnson,2000,0,0
3231,The Saphead,1920,0,0
3232,Seven Chances,1925,0,0
3255,A League of Their Own,1992,0,0
3258,Death Becomes Her,1992,0,0
3278,Gendernauts - Eine Reise durch die Geschlechter,1999,0,0
3283,Minnie and Moskowitz,1971,0,0
3284,They Might Be Giants,1971,0,0
3294,Eaten Alive,1977,0,0
3303,Black Tar Heroin: The Dark End of the Street,2000,0,0
3305,Bluebeard,1944,0,0
3309,A Dog's Life,1918,0,0
3311,The Man from Laramie,1955,0,0
3313,Class Reunion,1982,0,0
3314,The Big Trees,1952,0,0
3315,Happy Go Lovely,1951,0,0
3323,Chain of Fools,2000,0,0
3330,Splendor in the Grass,1961,0,0
3331,My Tutor,1983,0,0
3332,The Legend of Lobo,1962,0,0
3334,Key Largo,1948,0,0
3337,I'll Never Forget What's'isname,1967,0,0
3339,Cross of Iron,1977,0,0
3340,Bride of the Monster,1955,0,0
3344,Blood Feast,1963,0,0
3345,"Charlie, the Lonesome Cougar",1967,0,0
3349,The Perils of Pauline,1947,0,0
3351,Two Thousand Maniacs!,1964,0,0
3352,Brown's Requiem,1998,0,0
3354,Mission to Mars,2000,0,0
3364,The Asphalt Jungle,1950,0,0
3368,The Big Country,1958,0,0
3369,Mélodie en sous-sol,1963,0,0
3372,The Bridge at Remagen,1969,0,0
3373,Buck and the Preacher,1972,0,0
3375,Destination Moon,1950,0,0
3377,Hangmen Also Die!,1943,0,0
3380,Railroaded!,1947,0,0
3385,Volunteers,1985,0,0
3387,Who's Harry Crumb?,1989,0,0
3388,Harry and the Hendersons,1987,0,0
3389,Let's Get Harry,1986,0,0
3390,Shanghai Surprise,1986,0,0
3391,Who's That Girl,1987,0,0
3405,A Night to Remember,1958,0,0
3406,Captain Horatio Hornblower R.N.,1951,0,0
3417,The Crimson Pirate,1952,0,0
3419,Something for Everyone,1970,0,0
3425,Mo' Better Blues,1990,0,0
3429,Creature Comforts,1989,0,0
3433,Death Wish 4: The Crackdown,1987,0,0
3437,Cool as Ice,1991,0,0
3441,Red Dawn,1984,0,0
3443,Born American,1986,0,0
3444,Bloodsport,1988,0,0
3458,Blood and Sand,1922,0,0
3459,Gothic,1986,0,0
3464,Solar Crisis,1990,0,0
3472,The City of the Dead,1960,0,0
3473,Jonas qui aura 25 ans en l'an 2000,1976,0,0
3474,Retroactive,1997,0,0
3479,Ladyhawke,1985,0,0
3485,Macchie solari,1975,0,0
3486,Devil Girl from Mars,1954,0,0
3490,Horror Express,1972,0,0
3491,My Chauffeur,1986,0,0
3492,The Son of the Sheik,1926,0,0
3495,Roadside Prophets,1992,0,0
3498,Midnight Express,1978,0,0
3500,Mr. Saturday Night,1992,0,0
3502,My Life Without Me,2003,0,0
3507,The Odd Couple,1968,0,0
3508,The Outlaw Josey Wales,1976,0,0
3509,Black and White,1999,0,0
3516,Bell Book and Candle,1958,0,0
3520,How to Stuff a Wild Bikini,1965,0,0
3523,Taffin,1988,0,0
3542,Coming Apart,1969,0,0
3544,Shakes the Clown,1991,0,0
3548,Auntie Mame,1958,0,0
3549,Guys and Dolls,1955,0,0
3559,Limelight,1952,0,0
3560,Ai no borei,1978,0,0
3572,Carnosaur,1993,0,0
3573,Carnosaur 2,1995,0,0
3574,Carnosaur 3: Primal Species,1996,0,0
3583,1-2-3-4 ou Les Collants noirs,1960,0,0
3585,The Great Locomotive Chase,1956,0,0
3589,"Die Nibelungen, Teil 1 - Siegfried",1966,0,0
3592,Les maîtres du temps,1982,0,0
3599,Anchors Aweigh,1945,0,0
3600,Blue Hawaii,1961,0,0
3601,The Castaway Cowboy,1974,0,0
3602,G.I. Blues,1960,0,0
3603,The Gay Deceivers,1969,0,0
3604,Gypsy,1962,0,0
3605,King Creole,1958,0,0
3606,On the Town,1949,0,0
3607,One Little Indian,1973,0,0
3610,Roustabout,1964,0,0
3612,The Slipper and the Rose: The Story of Cinderella,1976,0,0
3619,The Hollywood Knights,1980,0,0
3622,The Twelve Chairs,1970,0,0
3625,Better Living Through Circuitry,1999,0,0
3628,Flying Tigers,1942,0,0
3631,It's in the Water,1997,0,0
3641,A Woman of Paris: A Drama of Fate,1923,0,0
3642,In Old California,1942,0,0
3643,The Fighting Seabees,1944,0,0
3644,Dark Command,1940,0,0
3648,The Abominable Snowman,1957,0,0
3650,Angustia,1987,0,0
3651,La novia ensangrentada,1972,0,0
3652,Paura nella città dei morti viventi,1980,0,0
3654,The Guns of Navarone,1961,0,0
3656,Lured,1947,0,0
3659,Quatermass 2,1957,0,0
3660,Puppetmaster,1989,0,0
3661,Puppet Master II,1991,0,0
3662,Puppet Master III: Toulon's Revenge,1991,0,0
3663,Puppet Master 4,1993,0,0
3664,Puppet Master 5: The Final Chapter,1994,0,0
3665,Curse of the Puppet Master,1998,0,0
3666,Retro Puppet Master,1999,0,0
3668,Romeo + Juliet,1996,0,0
3669,Stay Tuned,1992,0,0
3672,Benji the Hunted,1987,0,0
3673,Benji the Hunted,1987,0,0
3674,For the Love of Benji,1977,0,0
3675,White Christmas,1954,0,0
3682,Magnum Force,1973,0,0
3687,Gandahar,1988,0,0
3689,Porky's II: The Next Day,1983,0,0
3690,Porky's Revenge,1985,0,0
3691,Private School,1983,0,0
3692,Class of Nuke 'Em High,1986,0,0
3694,The Toxic Avenger Part II,1989,0,0
3695,The Toxic Avenger Part III: The Last Temptation of Toxie,1989,0,0
3696,Night of the Creeps,1986,0,0
3720,Sunshine,2007,0,0
3725,American Pop,1981,0,0
3731,Cutter's Way,1981,0,0
3737,Lonely Are the Brave,1962,0,0
3740,Big Trouble in Little China,1986,0,0
3741,Badlands,1973,0,0
3755,The Perfect Storm,2000,0,0
3758,Communion,1976,0,0
3765,The Hot Spot,1990,0,0
3766,Missing in Action 2: The Beginning,1985,0,0
3767,Missing in Action 2: The Beginning,1985,0,0
3768,Braddock: Missing in Action III,1988,0,0
3771,The Golden Voyage of Sinbad,1974,0,0
3772,Il rosso segno della follia,1970,0,0
3777,Nekromantik,1987,0,0
3779,Project Moon Base,1953,0,0
3780,Rocketship X-M,1950,0,0
3781,Shaft in Africa,1973,0,0
3782,Shaft's Big Score!,1972,0,0
3789,The Pawnbroker,1964,0,0
3792,Duel in the Sun,1946,0,0
3805,Knight Rider,2008,0,0
3806,Mackenna's Gold,1969,0,0
3807,Sinbad and the Eye of the Tiger,1977,0,0
3808,La ciociara,1960,0,0
3811,'Breaker' Morant,1980,0,0
3812,Every Thing You Always Wanted to Know About Sex * But Were Afraid to Ask,1972,0,0
3813,Interiors,1978,0,0
3817,Søndagsengler,1996,0,0
3818,Pot o' Gold,1941,0,0
3832,I tre volti della paura,1963,0,0
3833,The Brain That Wouldn't Die,1962,0,0
3834,Bronco Billy,1980,0,0
3836,Kelly's Heroes,1970,0,0
3837,Phantasm II,1988,0,0
3838,Phantasm III: Lord of the Dead,1994,0,0
3839,Phantasm IV: Oblivion,1998,0,0
3843,Sleepaway Camp,1983,0,0
3849,The Spiral Staircase,1945,0,0
3850,What Ever Happened to Aunt Alice?,1969,0,0
3851,I'm the One That I Want,2000,0,0
3864,Gojira ni-sen mireniamu,1999,0,0
3870,Our Town,1940,0,0
3872,"Suddenly, Last Summer",1959,0,0
3873,Cat Ballou,1965,0,0
3874,Un divan à New York,1996,0,0
3876,Tom and Jerry: The Movie,1992,0,0
3878,X: The Unknown,1956,0,0
3887,Went to Coney Island on a Mission from God... Be Back by Five,1998,0,0
3888,Skipped Parts,2000,0,0
3891,Center Stage: Turn It Up,2008,0,0
3913,Barenaked in America,1999,0,0
3920,"In weiter Ferne, so nah!",1993,0,0
3922,Bikini Beach,1964,0,0
3923,Return of the Fly,1959,0,0
3924,Pajama Party,1964,0,0
3926,Voyage to the Bottom of the Sea,1961,0,0
3929,The Bank Dick,1940,0,0
3931,The Giant Gila Monster,1959,0,0
3933,The Killer Shrews,1959,0,0
3934,Kronos,1957,0,0
3938,The Slumber Party Massacre,1982,0,0
3939,Slumber Party Massacre II,1987,0,0
3940,Slumber Party Massacre III,1990,0,0
3941,Sorority House Massacre,1986,0,0
3942,Sorority House Massacre II,1990,0,0
3945,Digimon: Digital Monsters,1999,0,0
3958,Billy Jack Goes to Washington,1977,0,0
3961,Ghoulies,1985,0,0
3962,Ghoulies II,1988,0,0
3963,The Unsinkable Molly Brown,1964,0,0
3971,The Private Eyes,1980,0,0
3975,Lucky Number Slevin,2006,0,0
3985,The Eagle Has Landed,1976,0,0
4006,Transformers,2007,0,0
4010,Brewster's Millions,1985,0,0
4013,Mr. Accident,2000,0,0
4030,Dracula 2000,2000,0,0
4038,Kill Me Again,1989,0,0
4040,Don't Tell Mom the Babysitter's Dead,1991,0,0
4042,The Alamo,2004,0,0
4044,Breaker! Breaker!,1977,0,0
4045,Breakheart Pass,1975,0,0
4046,Friendly Persuasion,1956,0,0
4050,The St. Francisville Experiment,2000,0,0
4051,Ein Toter hing im Netz,1960,0,0
4054,Save the Last Dance,2001,0,0
4062,Mystic Pizza,1988,0,0
4069,The Wedding Planner,2001,0,0
4078,Amazing Grace and Chuck,1987,0,0
4089,Born in East L.A.,1987,0,0
4090,The Brave Little Toaster,1987,0,0
4092,Cherry 2000,1987,0,0
4094,Critical Condition,1987,0,0
4096,Cursed,2005,0,0
4097,Killer Movie,2008,0,0
4100,Disorderlies,1987,0,0
4101,Dogs in Space,1986,0,0
4104,Ernest Goes to Camp,1987,0,0
4107,Family Viewing,1987,0,0
4108,Five Corners,1987,0,0
4109,Flowers in the Attic,1987,0,0
4113,The Glass Menagerie,1987,0,0
4114,"Good Morning, Babylon",1987,0,0
4116,Hollywood Shuffle,1987,0,0
4118,Hot Pursuit,1987,0,0
4120,Hunk,1987,0,0
4125,Leonard Part 6,1987,0,0
4127,Like Father Like Son,1987,0,0
4129,Made in Heaven,1987,0,0
4136,A Month in the Country,1987,0,0
4137,Morgan Stewart's Coming Home,1987,0,0
4138,My Demon Lover,1987,0,0
4140,North Shore,1987,0,0
4177,The Mirror Crack'd,1980,0,0
4179,Pixote: A Lei do Mais Fraco,1981,0,0
4180,Reform School Girls,1986,0,0
4185,Elvis: That's the Way It Is,1970,0,0
4187,Lilies of the Field,1963,0,0
4188,Hans Christian Andersen,1952,0,0
4192,Demetrius and the Gladiators,1954,0,0
4194,'I Know Where I'm Going!',1945,0,0
4195,The Abominable Dr. Phibes,1971,0,0
4196,"Die, Monster, Die!",1965,0,0
4198,Battle Beyond the Stars,1980,0,0
4199,Death Warrant,1990,0,0
4208,Unmade Beds,1976,0,0
4212,Death on the Nile,1978,0,0
4213,DeepStar Six,1989,0,0
4218,The River's Edge,1957,0,0
4219,Girls Just Want to Have Fun,1985,0,0
4222,C.H.U.D.,1984,0,0
4227,Band of Brothers,2001,0,0
4263,Days of Wine and Roses,1962,0,0
4275,Krull,1983,0,0
4278,Triumph des Willens,1935,0,0
4287,Paris - When It Sizzles,1964,0,0
4293,Summer Rental,1985,0,0
4294,"The 5,000 Fingers of Dr. T.",1953,0,0
4295,Catchfire,1990,0,0
4305,Angel Eyes,2001,0,0
4315,Gabriela,2001,0,0
4317,Love Potion No. 9,1992,0,0
4319,Apache,1954,0,0
4323,The Horse Soldiers,1959,0,0
4324,The Kentuckian,1955,0,0
4327,The Magnificent Seven,1960,0,0
4328,Return of the Seven,1966,0,0
4330,The Scarlet Empress,1934,0,0
4334,Yi yi,2000,0,0
4336,Nattevagten,1994,0,0
4337,The Sand Pebbles,1966,0,0
4338,Twelve O'Clock High,1949,0,0
4339,Von Ryan's Express,1965,0,0
4346,Bride of the Wind,2001,0,0
4357,How to Marry a Millionaire,1953,0,0
4360,There's No Business Like Show Business,1954,0,0
4362,The Boys Next Door,1996,0,0
4379,"South of Heaven, West of Hell",2000,0,0
4394,Beach Blanket Bingo,1965,0,0
4395,I soliti ignoti,1958,0,0
4401,Donovan's Reef,1963,0,0
4402,Dr. Goldfoot and the Bikini Machine,1965,0,0
4404,Faust: Love of the Damned,2000,0,0
4407,Salvador (Puig Antich),2006,0,0
4409,Shadows and Fog,1991,0,0
4411,The Sons of Katie Elder,1965,0,0
4413,Village of the Giants,1965,0,0
4415,Nice Dreams,1981,0,0
4416,The Day the Earth Caught Fire,1961,0,0
4417,Quella villa accanto al cimitero,1981,0,0
4418,Things Are Tough All Over,1982,0,0
4419,All That Heaven Allows,1955,0,0
4421,Blackout,2007,0,0
4423,The Entertainer,1960,0,0
4425,Howling III,1987,0,0
4428,The Misfits,1961,0,0
4429,Moby Dick,1998,0,0
4431,Rembrandt,1936,0,0
4434,La decima vittima,1965,0,0
4435,Oberst Redl,1985,0,0
4438,Jing wu men,1972,0,0
4440,Tang shan da xiong,1971,0,0
4441,Game of Death,1978,0,0
4443,Outland,1981,0,0
4444,Meng long guo jiang,1972,0,0
4447,Legally Blonde,2001,0,0
4454,More,1998,0,0
4457,Bianca Beauchamp All Access 2: Rubberized,2008,0,0
4458,Africa: The Serengeti,1994,0,0
4459,Alaska: Spirit of the Wild,1997,0,0
4467,The Adventures of Baron Munchausen,1988,0,0
4469,Appointment with Death,1988,0,0
4470,The Little Mermaid: Ariel's Beginning,2008,0,0
4475,The Beast of War,1988,0,0
4476,Big Business,1929,0,0
4480,The Blob,1988,0,0
4485,Casual Sex?,1988,0,0
4494,Critters 3,1991,0,0
4497,Dead Heat,1988,0,0
4501,"Elvira, Mistress of the Dark",1988,0,0
4502,Ernest Saves Christmas,1988,0,0
4507,Fresh Horses,1988,0,0
4509,The Great Outdoors,1988,0,0
4510,Heartbreak Hotel,2006,0,0
4511,High Spirits,1988,0,0
4512,Hot to Trot,1988,0,0
4514,Howling IV: The Original Nightmare,1988,0,0
4525,Moving,1988,0,0
4527,A Night in the Life of Jimmy Reardon,1988,0,0
4534,The Man from Snowy River II,1988,0,0
4536,Rocket Gibraltar,1988,0,0
4539,Salsa,2000,0,0
4541,The Serpent and the Rainbow,1988,0,0
4551,The Telephone,1988,0,0
4552,Tetsuo,1989,0,0
4561,Waxwork,1988,0,0
4565,American Ninja,1985,0,0
4566,American Ninja 2: The Confrontation,1987,0,0
4567,American Ninja 3: Blood Hunt,1989,0,0
4572,Black Rain,1989,0,0
4576,C.H.U.D. II - Bud the Chud,1989,0,0
4582,Dead Bang,1989,0,0
4583,Disorganized Crime,1989,0,0
4586,A Dry White Season,1989,0,0
4588,Eddie and the Cruisers II: Eddie Lives!,1989,0,0
4592,The Experts,1989,0,0
4597,Gleaming the Cube,1989,0,0
4598,Going Overboard,1989,0,0
4604,Homer and Eddie,1989,0,0
4614,Kickboxer,1989,0,0
4617,Let It Ride,1989,0,0
4619,Little Monsters,1989,0,0
4620,Lock Up,1989,0,0
4629,Next of Kin,1989,0,0
4630,No Holds Barred,1989,0,0
4634,Penn & Teller Get Killed,1989,0,0
4637,Red Scorpion,1989,0,0
4650,Relentless,1989,0,0
4651,Blueberry,2004,0,0
4652,The Return of Swamp Thing,1989,0,0
4653,The Return of the Musketeers,1989,0,0
4665,Shocker,1989,0,0
4668,Some Girls,1988,0,0
4675,Three Fugitives,1989,0,0
4677,Turner & Hooch,1989,0,0
4684,Worth Winning,1989,0,0
4685,Warlock: The Armageddon,1993,0,0
4686,Weekend at Bernie's II,1993,0,0
4689,Il gatto a nove code,1971,0,0
4691,Def-Con 4,1985,0,0
4692,The Hotel New Hampshire,1984,0,0
4693,Idiot Box,1996,0,0
4695,Who'll Stop the Rain,1978,0,0
4697,Basket Case,1982,0,0
4706,La cage aux folles II,1980,0,0
4717,The Big Brawl,1980,0,0
4737,An American Rhapsody,2001,0,0
4748,3 Ninjas,1992,0,0
4750,3 Ninjas Knuckle Up,1995,0,0
4752,Maniac,1980,0,0
4755,Wish Upon a Star,1996,0,0
4756,The Three Musketeers,1973,0,0
4757,Rock Star,2001,0,0
4767,Abbott and Costello Meet the Mummy,1955,0,0
4777,The American Astronaut,2001,0,0
4788,Moskva slezam ne verit,1980,0,0
4791,Valdez Is Coming,1971,0,0
4795,Father Goose,1964,0,0
4796,The Grass Is Greener,1960,0,0
4797,A Hole in the Head,1959,0,0
4798,Indiscreet,1958,0,0
4800,King Solomon's Mines,1950,0,0
4801,The Little Foxes,1941,0,0
4802,Operation Petticoat,1959,0,0
4804,Pocketful of Miracles,1961,0,0
4805,Sayonara,1957,0,0
4806,Obchod na korze,1965,0,0
4811,Quadrophenia,1979,0,0
4819,Go Figure,2005,0,0
4820,Won't Anybody Listen,2001,0,0
4829,Lady in a Cage,1964,0,0
4834,Cheech & Chong's Next Movie,1980,0,0
4839,Death Ship,1980,0,0
4841,Divine Madness,1980,0,0
4842,The Dogs of War,1980,0,0
4854,Clambake,1967,0,0
4856,Destiny in Space,1994,0,0
4858,Hail Columbia!,1982,0,0
4860,Making the Grade,1984,0,0
4861,Mission to Mir,1997,0,0
4894,Timerider: The Adventure of Lyle Swann,1982,0,0
4905,Hell Up in Harlem,1973,0,0
4907,Across 110th Street,1972,0,0
4911,Jabberwocky,1977,0,0
4915,The Beastmaster,1982,0,0
4917,MacArthur,1977,0,0
4918,The Young Lions,1958,0,0
4919,Subway,1985,0,0
4920,"Now, Voyager",1942,0,0
4921,Little Women,1994,0,0
4922,Halls of Montezuma,1950,0,0
4923,Guadalcanal Diary,1943,0,0
4925,The Cheap Detective,1978,0,0
4930,Funeral in Berlin,1966,0,0
4931,Don't Go in the House,1980,0,0
4932,Dressed to Kill,1946,0,0
4933,The Earthling,1980,0,0
4934,The Exterminator,1980,0,0
4937,Fatso,1980,0,0
4942,The Angry Red Planet,1959,0,0
4946,Eye for an Eye,1996,0,0
4948,I Bury the Living,1958,0,0
4952,Morons from Outer Space,1985,0,0
4953,The People That Time Forgot,1977,0,0
4969,And Then There Were None,1945,0,0
4972,The Owl and the Pussycat,1970,0,0
4981,Clockwise,1986,0,0
4982,The Trollenberg Terror,1958,0,0
4983,The Holcroft Covenant,1985,0,0
4984,Morgan: A Suitable Case for Treatment,1966,0,0
4985,Sheena,1984,0,0
4987,Spacehunter: Adventures in the Forbidden Zone,1983,0,0
4988,White Water Summer,1987,0,0
4991,Joe Somebody,2001,0,0
4997,The Convent,2000,0,0
5003,The Nine Lives of Fritz the Cat,1974,0,0
5004,24 Hour Party People,2002,0,0
5005,Separate Tables,1958,0,0
5006,Yu pu tuan zhi: Tou qing bao jian,1991,0,0
5007,Topkapi,1964,0,0
5017,The Big Heat,1953,0,0
5018,Motorama,1991,0,0
5019,Queen Bee,1955,0,0
5020,Silent Trigger,1996,0,0
5024,Presque rien,2000,0,0
5031,Maria's Lovers,1984,0,0
5037,The Long Gray Line,1955,0,0
5038,The Flight of Dragons,1982,0,0
5040,Conan the Destroyer,1984,0,0
5041,Fire & Ice,2008,0,0
5042,Spacehunter: Adventures in the Forbidden Zone,1983,0,0
5045,Galaxina,1980,0,0
5056,Jeder für sich und Gott gegen alle,1974,0,0
5057,4 for Texas,1963,0,0
5063,One-Eyed Jacks,1961,0,0
5087,Préparez vos mouchoirs,1978,0,0
5088,Les valseuses,1974,0,0
5089,Honky Tonk Freeway,1981,0,0
5090,Notre-Dame de Paris,1956,0,0
5091,Le magnifique,1973,0,0
5097,Bright Eyes,1934,0,0
5098,Dimples,1936,0,0
5099,Heidi,1968,0,0
5102,Rookie of the Year,1993,0,0
5104,Vacas,1992,0,0
5113,Caccia alla volpe,1966,0,0
5115,Cast a Giant Shadow,1966,0,0
5116,Designing Woman,1957,0,0
5119,Saturday Night and Sunday Morning,1960,0,0
5124,Town Without Pity,1961,0,0
5126,The Deadly Mantis,1957,0,0
5139,Bad News Bears,2005,0,0
5140,The Bad News Bears Go to Japan,1978,0,0
5141,The Bad News Bears in Breaking Training,1977,0,0
5144,The Lone Ranger and the Lost City of Gold,1958,0,0
5145,Lásky jedné plavovlásky,1965,0,0
5148,Black Like Me,1964,0,0
5149,Cattle Queen of Montana,1954,0,0
5154,Arena,1989,0,0
5155,The Big Bird Cage,1972,0,0
5156,The Big Doll House,1971,0,0
5157,La chiesa,1989,0,0
5160,Night of the Zombies,1981,0,0
5163,Deliria,1987,0,0
5164,A Troll in Central Park,1994,0,0
5165,Zombi 2,1979,0,0
5167,My Favorite Brunette,1947,0,0
5168,Royal Wedding,1951,0,0
5169,Scarlet Street,1945,0,0
5173,Divorcing Jack,1998,0,0
5180,The Great Rock 'n' Roll Swindle,1980,0,0
5181,Hangar 18,1980,0,0
5182,Hawk the Slayer,1980,0,0
5183,He Knows You're Alone,1980,0,0
5185,Hero at Large,1980,0,0
5189,Humanoids from the Deep,1980,0,0
5190,Inside Moves,1980,0,0
5194,Ko to tamo peva,1980,0,0
5195,Le lac des morts vivants,1981,0,0
5196,Lion of the Desert,1981,0,0
5200,The Man Who Saw Tomorrow,1981,0,0
5201,Mangiati vivi!,1980,0,0
5203,The Monster Club,1980,0,0
5204,La mort en direct,1980,0,0
5206,Mother's Day,1980,0,0
5207,The Mountain Men,1980,0,0
5208,The Ninth Configuration,1980,0,0
5209,North Sea Hijack,1979,0,0
5210,Le notti del terrore,1981,0,0
5212,The Octagon,1980,0,0
5214,"Oh, God! You Devil",1984,0,0
5216,"Pepi, Luci, Bom y otras chicas del montón",1980,0,0
5227,Barabba,1961,0,0
5228,The Ghost Breakers,1940,0,0
5230,The Paleface,1948,0,0
5231,Road to Morocco,1942,0,0
5232,Road to Singapore,1940,0,0
5233,Road to Utopia,1946,0,0
5234,Road to Zanzibar,1941,0,0
5235,Split Second,1992,0,0
5239,Rude Boy,1980,0,0
5243,Shi di chu ma,1980,0,0
5244,Shogun Assassin,1980,0,0
5249,Spetters,1980,0,0
5251,Sällskapsresan eller Finns det svenskt kaffe på grisfesten,1980,0,0
5259,Homicide: The Movie,2000,0,0
5260,La vida es silbar,1998,0,0
5262,Mr. Sardonicus,1961,0,0
5263,Strait-Jacket,1964,0,0
5277,The Evil That Men Do,1984,0,0
5280,Salmonberries,1991,0,0
5282,High Crimes,2002,0,0
5288,The Atomic Cafe,1982,0,0
5290,First Men in the Moon,1964,0,0
5291,Rashômon,1950,0,0
5292,Slap Shot,1977,0,0
5302,Breakout,1975,0,0
5305,Return of the Killer Tomatoes!,1988,0,0
5306,Return to Horror High,1987,0,0
5310,Transylvania 6-5000,1985,0,0
5311,The Watcher in the Woods,1980,0,0
5312,Murder by Numbers,2002,0,0
5326,"Frank McKlusky, C.I.",2002,0,0
5341,Lenny,1974,0,0
5344,Thief of Hearts,1984,0,0
5346,Wild Orchid,1989,0,0
5349,Spider-Man,2002,0,0
5353,Butterflies Are Free,1972,0,0
5355,The Cassandra Crossing,1976,0,0
5356,The Giant Spider Invasion,1975,0,0
5366,Whore,2008,0,0
5369,Big Bad Mama,1974,0,0
5370,Big Bad Mama II,1987,0,0
5371,Buio Omega,1979,0,0
5372,Calamity Jane,1953,0,0
5374,The Devil-Doll,1936,0,0
5375,The Harvey Girls,1946,0,0
5376,The Lady in Red,1979,0,0
5379,Believers,2007,0,0
5381,The Charge of the Light Brigade,1968,0,0
5382,Every Which Way But Loose,1978,0,0
5383,The Hound of the Baskervilles,1959,0,0
5384,I Want to Live!,1958,0,0
5392,Bus Stop,1956,0,0
5394,Don't Bother to Knock,1952,0,0
5396,Let's Make Love,1960,0,0
5397,Monkey Business,1931,0,0
5398,Requiem for a Heavyweight,1962,0,0
5402,The Diaries of Vaslav Nijinsky,2001,0,0
5405,Dakota,1945,0,0
5406,The Desert Rats,1953,0,0
5408,Nora inu,1949,0,0
5411,Summer Holiday,1963,0,0
5412,The Villain,1979,0,0
5413,Zombi Holocaust,1980,0,0
5421,The Dangerous Lives of Altar Boys,2002,0,0
5428,Cheech & Chong's The Corsican Brothers,1984,0,0
5431,Goin' South,1978,0,0
5436,The Horse's Mouth,1958,0,0
5439,S.O.B.,1981,0,0
5440,She Wore a Yellow Ribbon,1949,0,0
5468,20 Million Miles to Earth,1957,0,0
5469,Grand Theft Auto,1977,0,0
5473,Faustrecht der Freiheit,1975,0,0
5474,The Legend of Boggy Creek,1972,0,0
5483,The Kid Stays in the Picture,2002,0,0
5488,Händler der vier Jahreszeiten,1971,0,0
5490,The Big Bus,1976,0,0
5491,The Eddy Duchin Story,1956,0,0
5492,Fathom,1967,0,0
5494,La terra trema: Episodio del mare,1948,0,0
5495,Modesty Blaise,1966,0,0
5497,Our Man Flint,1966,0,0
5505,The Good Girl,2002,0,0
5508,24 Hour Party People,2002,0,0
5519,Change of Habit,1969,0,0
5520,Une affaire de goût,2000,0,0
5528,One Hour Photo,2002,0,0
5535,Comment j'ai tué mon père,2001,0,0
5538,The Care Bears Movie,1985,0,0
5539,Care Bears Movie II: A New Generation,1986,0,0
5542,Nightmare City 2035,2007,0,0
5543,Shark Swarm,2008,0,0
5545,The Unearthly,1957,0,0
5546,976-Evil II,1992,0,0
5549,Flaming Star,1960,0,0
5550,Love Me Tender,1956,0,0
5551,The Return of the Vampire,1944,0,0
5552,The Revenge of Frankenstein,1958,0,0
5554,Wild in the Country,1961,0,0
5558,Love and a Bullet,2002,0,0
5567,Incubus,2006,0,0
5570,Tesis,1996,0,0
5583,The Devil Bat,1940,0,0
5584,Ernest Goes to Jail,1990,0,0
5585,Ernest Scared Stupid,1991,0,0
5586,The Gypsy Moths,1969,0,0
5590,The Mack,1973,0,0
5592,Monster in the Closet,1986,0,0
5593,No Way to Treat a Lady,1968,0,0
5595,Shock Waves,1977,0,0
5600,The Wanderers,1979,0,0
5601,The Yearling,1946,0,0
5603,The Lavender Hill Mob,1951,0,0
5604,The Man in the White Suit,1951,0,0
5606,Society,1989,0,0
5616,The Mesmerist,2002,0,0
5622,Charlie and the Chocolate Factory,2005,0,0
5638,Mosura tai Gojira,1964,0,0
5642,The Onion Field,1979,0,0
5647,Ernest Goes to Africa,1997,0,0
5648,Ernest in the Army,1998,0,0
5651,The Incredible Mr. Limpet,1964,0,0
5658,Hanky Panky,1982,0,0
5659,The Rocking Horse Winner,1949,0,0
5660,Seance on a Wet Afternoon,1964,0,0
5696,Urban Cowboy,1980,0,0
5699,Tom Horn,1980,0,0
5702,When Time Ran Out...,1980,0,0
5703,Wholly Moses!,1980,0,0
5706,...All the Marbles,1981,0,0
5708,All Night Long,1962,0,0
5710,Banana Joe,1982,0,0
5711,Die bleierne Zeit,1981,0,0
5717,Cannibal ferox,1981,0,0
5718,Carbon Copy,1981,0,0
5719,Charlie Chan and the Curse of the Dragon Queen,1981,0,0
5722,The Goat,1921,0,0
5724,The Creature Wasn't Nice,1983,0,0
5725,Czlowiek z zelaza,1981,0,0
5726,Dead & Buried,1981,0,0
5727,Deadly Blessing,1981,0,0
5729,Endless Love,1981,0,0
5730,Enter the Ninja,1981,0,0
5731,The Entity,1981,0,0
5733,Eyewitness,1970,0,0
5734,Faces of Death II,1981,0,0
5736,Faces of Death III,1985,0,0
5737,Faces of Death IV,1990,0,0
5738,Faces of Death V,1995,0,0
5739,Faces of Death VI,1996,0,0
5740,Faces of Death: Fact or Fiction?,1999,0,0
5742,First Monday in October,1981,0,0
5745,Händler der vier Jahreszeiten,1971,0,0
5746,Galaxy of Terror,1981,0,0
5749,Sien nui yau wan,1987,0,0
5750,Going Ape!,1981,0,0
5753,Göta kanal eller Vem drog ur proppen?,1981,0,0
5755,Happy Birthday to Me,1981,0,0
5756,Heartbeeps,1981,0,0
5759,"Ladies and Gentlemen, the Fabulous Stains",1982,0,0
5760,Lady Chatterley's Lover,1981,0,0
5761,The Legend of the Lone Ranger,1981,0,0
5765,"Looney, Looney, Looney Bugs Bunny Movie",1981,0,0
5767,Mis,1981,0,0
5768,Modern Problems,1981,0,0
5770,Ms. 45,1981,0,0
5774,Night of the Zombies,1981,0,0
5775,The Night the Lights Went Out in Georgia,1981,0,0
5780,Polyester,1981,0,0
5782,Le professionnel,1981,0,0
5795,The Big Knife,1955,0,0
5798,Escanaba in da Moonlight,2001,0,0
5800,How to Murder Your Wife,1965,0,0
5802,The World of Henry Orient,1964,0,0
5803,I Spy,2002,0,0
5822,Acción mutante,1993,0,0
5823,Eyes of an Angel,1991,0,0
5824,Liberty Stands Still,2002,0,0
5826,Rio Grande,1950,0,0
5830,Mysterious Island,1961,0,0
5831,Soul Assassin,2001,0,0
5832,Left Behind II: Tribulation Force,2002,0,0
5833,Dog Soldiers,2002,0,0
5836,Houseboat,1958,0,0
5837,Legion of the Dead,2005,0,0
5844,The Prowler,1981,0,0
5845,The Pursuit of D.B. Cooper,1981,0,0
5851,Rollover,1981,0,0
5852,Saturday the 14th,1981,0,0
5855,Shock Treatment,1981,0,0
5856,Sjecas li se Dolly Bell,1981,0,0
5858,La soupe aux choux,1981,0,0
5860,Sphinx,1981,0,0
5861,Storie di ordinaria follia,1981,0,0
5862,Student Bodies,1981,0,0
5863,Take This Job and Shove It,1981,0,0
5864,Tarzan the Ape Man,1932,0,0
5866,They All Laughed,1981,0,0
5868,Elvis,1979,0,0
5878,Hable con ella,2002,0,0
5884,Chrome Hearts,1989,0,0
5886,Ik ook van jou,2001,0,0
5887,Another You,1991,0,0
5891,Day of the Woman,1978,0,0
5892,The Island at the Top of the World,1974,0,0
5897,Das Arche Noah Prinzip,1984,0,0
5898,The Sword and the Sorcerer,1982,0,0
5911,Urgh! A Music War,1981,0,0
5912,Vabank,1981,0,0
5913,Varning för Jönssonligan,1981,0,0
5914,"Vernon, Florida",1981,0,0
5916,Whose Life Is It Anyway?,1981,0,0
5917,Zoot Suit,1981,0,0
5919,Android Apocalypse,2006,0,0
5921,Attack Force Z,1982,0,0
5923,Author! Author!,1982,0,0
5924,Barbarosa,1982,0,0
5925,The Beast Within,1982,0,0
5928,The Border,1982,0,0
5930,Brimstone & Treacle,1982,0,0
5931,Britannia Hospital,1982,0,0
5936,"Come Back to the Five and Dime, Jimmy Dean, Jimmy Dean",1982,0,0
5939,Dünyayi kurtaran adam,1982,0,0
5963,The Children's Hour,1961,0,0
5964,The Business,2005,0,0
5965,The Duellists,1977,0,0
5966,A Kiss Before Dying,1956,0,0
5972,The Road to Hong Kong,1962,0,0
5973,Running Time,1997,0,0
5979,Attack of the Crab Monsters,1957,0,0
5980,Black Christmas,2006,0,0
5983,Invaders from Mars,1953,0,0
5984,Histoire d'O,1975,0,0
5985,Asoka,2001,0,0
5997,Champagne for Caesar,1950,0,0
5998,Doppelgänger,1969,0,0
6000,La casa sperduta nel parco,1980,0,0
6006,Just Married,2003,0,0
6008,Le fils,2002,0,0
6010,Double Whammy,2001,0,0
6011,WiseGirls,2002,0,0
6013,Kangaroo Jack,2003,0,0
6026,Der Totmacher,1995,0,0
6030,Girls! Girls! Girls!,1962,0,0
6036,Secret Admirer,1985,0,0
6039,The Woman in Red,1984,0,0
6045,Love and a Bullet,2002,0,0
6047,Dead Reckoning,1947,0,0
6048,The Devil at 4 O'Clock,1961,0,0
6052,The Horse in the Gray Flannel Suit,1968,0,0
6053,Krush Groove,1985,0,0
6054,The Moon-Spinners,1964,0,0
6056,Chaos,2005,0,0
6064,The Harder They Fall,1956,0,0
6065,I'm All Right Jack,1959,0,0
6066,Murder by Decree,1979,0,0
6067,Ordinary Decent Criminal,2000,0,0
6068,Pursued,2004,0,0
6072,La femme infidèle,1969,0,0
6073,La decima vittima,1965,0,0
6075,Den enfaldige mördaren,1982,0,0
6080,Forced Vengeance,1982,0,0
6081,Le gendarme et les gendarmettes,1982,0,0
6083,Hammett,1982,0,0
6086,"I, the Jury",1982,0,0
6087,If You Could See What I Hear,1982,0,0
6088,Jekyll and Hyde... Together Again,1982,0,0
6089,Jönssonligan & DynamitHarry,1982,0,0
6090,Kiss Me Goodbye,1982,0,0
6091,Laberinto de pasiones,1982,0,0
6093,The Last Unicorn,1982,0,0
6095,Long xiao ye,1982,0,0
6097,Manhattan Baby,1982,0,0
6099,Megaforce,1982,0,0
6104,Monty Python Live at the Hollywood Bowl,1982,0,0
6106,Mother Lode,1982,0,0
6110,Pandemonium,1982,0,0
6111,Paradise,1982,0,0
6112,Partner(s),2005,0,0
6114,Permanent Vacation,2007,0,0
6117,Privates on Parade,1982,0,0
6118,Przypadek,1981,0,0
6119,Le père Noël est une ordure,1982,0,0
6120,Q,1982,0,0
6124,Savannah Smiles,1982,0,0
6125,The Secret Policeman's Other Ball,1982,0,0
6129,Six Weeks,1982,0,0
6131,Some Kind of Hero,1982,0,0
6132,Lo squartatore di New York,1982,0,0
6133,Der Stand der Dinge,1982,0,0
6134,Starstruck,1982,0,0
6135,Still of the Night,1982,0,0
6137,Sword of the Valiant: The Legend of Sir Gawain and the Green Knight,1984,0,0
6138,Tag: The Assassination Game,1982,0,0
6139,The Tempest,1979,0,0
6140,Tenebre,1982,0,0
6142,Time Walker,1982,0,0
6143,Trail of the Pink Panther,1982,0,0
6144,La traviata,1982,0,0
6147,Die weiße Rose,1982,0,0
6148,White Dog,1982,0,0
6149,Who Dares Wins,1982,0,0
6151,Yol,1982,0,0
6152,Il mondo di Yor,1983,0,0
6161,Chihwaseon,2002,0,0
6168,10 to Midnight,1983,0,0
6172,A Countess from Hong Kong,1967,0,0
6175,Messenger of Death,1988,0,0
6176,Mr. Majestyk,1974,0,0
6177,Murphy's Law,1986,0,0
6178,A Patch of Blue,1965,0,0
6180,Q,1982,0,0
6181,The Red Badge of Courage,1951,0,0
6182,The Thrill of It All,1963,0,0
6199,Edie & Pen,1996,0,0
6201,Lady Jane,1986,0,0
6208,Teenagers from Outer Space,1959,0,0
6209,Trouble Bound,1993,0,0
6210,WaSanGo,2001,0,0
6214,Irréversible,2002,0,0
6231,The Benny Goodman Story,1956,0,0
6232,Born Free,1966,0,0
6234,Equus,1977,0,0
6236,Fear Strikes Out,1957,0,0
6237,The Glenn Miller Story,1954,0,0
6242,Ringu,1998,0,0
6245,Sweet Charity,1969,0,0
6247,Women in Love,1969,0,0
6256,La casa dalle finestre che ridono,1976,0,0
6276,Wake of the Red Witch,1948,0,0
6282,Cet amour-là,2001,0,0
6302,Beginning of the End,1957,0,0
6303,The Andromeda Strain,2008,0,0
6312,A Private Function,1984,0,0
6316,The Wiz,1978,0,0
6317,Cartouche,1962,0,0
6319,"Mon père, ce héros.",1991,0,0
6346,Absolute Beginners,1986,0,0
6347,Beat Street,1984,0,0
6349,Breakin',1984,0,0
6351,Hysterical Blindness,2002,0,0
6352,Lambada,1990,0,0
6354,The Carpetbaggers,1964,0,0
6355,Les Girls,1957,0,0
6356,Gunfight at the O.K. Corral,1957,0,0
6386,Nevada Smith,1966,0,0
6387,Zong heng si hai,1991,0,0
6388,Regeneration,1997,0,0
6390,Silk Stockings,1957,0,0
6391,Snowball Express,1972,0,0
6392,A Man Called Horse,1970,0,0
6394,Big Jake,1971,0,0
6395,Movie Crazy,1932,0,0
6398,Le Mans,1971,0,0
6400,Un coupable idéal,2001,0,0
6405,Treasure Island,1990,0,0
6406,Due occhi diabolici,1990,0,0
6407,Walk Don't Run,1966,0,0
6408,Animals Are Beautiful People,1974,0,0
6409,Bend of the River,1952,0,0
6411,Come September,1961,0,0
6412,Destry Rides Again,1939,0,0
6414,Gay Purr-ee,1962,0,0
6416,King Rat,1965,0,0
6417,Live Wire,1992,0,0
6421,The Rare Breed,1966,0,0
6422,Shenandoah,1965,0,0
6426,The Far Country,1954,0,0
6427,The Railway Children,2000,0,0
6431,Battle Cry,1955,0,0
6432,The Courtship of Eddie's Father,1963,0,0
6434,"Objective, Burma!",1945,0,0
6435,Operation Pacific,1951,0,0
6437,13 Rue Madeleine,1947,0,0
6438,633 Squadron,1964,0,0
6443,The Big Trail,1930,0,0
6445,Cloak & Dagger,1984,0,0
6446,The Comancheros,1961,0,0
6447,Duel at Diablo,1966,0,0
6450,"Heaven Knows, Mr. Allison",1957,0,0
6454,Music Box,1989,0,0
6455,North to Alaska,1960,0,0
6457,Sink the Bismarck!,1960,0,0
6458,The Blue Max,1966,0,0
6459,The Desert Fox: The Story of Rommel,1951,0,0
6465,Jubilee,1978,0,0
6469,Cahill U.S. Marshal,1973,0,0
6470,Chisum,1970,0,0
6472,Eat a Bowl of Tea,1989,0,0
6477,The Song of Bernadette,1943,0,0
6480,Thoroughly Modern Millie,1967,0,0
6491,Best of the Best 3: No Turning Back,1995,0,0
6495,Experiment in Terror,1962,0,0
6496,Éxtasis,1996,0,0
6497,Paris brûle-t-il?,1966,0,0
6499,Orphans of the Storm,1921,0,0
6500,The Satanic Rites of Dracula,1973,0,0
6505,Ed and His Dead Mother,1993,0,0
6507,Just a Little Harmless Sex,1998,0,0
6511,The Blood of Jesus,1941,0,0
6512,The Long Ships,1964,0,0
6513,Made for Each Other,1939,0,0
6515,You Only Live Once,1937,0,0
6524,Pote tin Kyriaki,1960,0,0
6527,Scaramouche,1952,0,0
6528,Start the Revolution Without Me,1970,0,0
6529,Strange Bedfellows,2004,0,0
6561,The Mouse That Roared,1959,0,0
6562,Spencer's Mountain,1963,0,0
6565,Seabiscuit,2003,0,0
6566,Spy Kids 3-D: Game Over,2003,0,0
6574,Eve of Destruction,1991,0,0
6576,Juggernaut,1974,0,0
6577,Kickboxer 2: The Road Back,1991,0,0
6580,Amores Possíveis,2001,0,0
6582,Remo Williams: The Adventure Begins,1985,0,0
6584,"What's Up, Tiger Lily?",1966,0,0
6585,White Lightning,1973,0,0
6587,Gigli,2003,0,0
6589,Boys Life 4: Four Play,2003,0,0
6600,The Making of '...And God Spoke',1993,0,0
6607,The Red Pony,1949,0,0
6608,Sex & the Other Man,1995,0,0
6612,My Brother's Keeper,2002,0,0
6627,Changing Habits,1997,0,0
6628,Hot Dog... The Movie,1984,0,0
6630,The Inn of the Sixth Happiness,1958,0,0
6633,Prince of Jutland,1994,0,0
6634,Remando al viento,1988,0,0
6635,The Rachel Papers,1989,0,0
6637,Thrashin',1986,0,0
6639,Wait Until Dark,1967,0,0
6642,Showdown in Little Tokyo,1991,0,0
6646,Beyond the Valley of the Dolls,1970,0,0
6649,Tunes of Glory,1960,0,0
6653,The Keep,1983,0,0
6654,Kaitei gunkan,1963,0,0
6655,Chikyû Bôeigun,1957,0,0
6656,Attack of the Puppet People,1958,0,0
6657,"The Beast from 20,000 Fathoms",1953,0,0
6670,Comic Book Villains,2002,0,0
6673,"¡Ay, Carmela!",1990,0,0
6674,Jang Aur Aman,2001,0,0
6675,Loin,2001,0,0
6706,Taking Sides,2001,0,0
6715,Children of the Night,1991,0,0
6716,Daisy Miller,1974,0,0
6719,Hard to Hold,1984,0,0
6723,Wong Fei Hung ji saam: Si wong jaang ba,1993,0,0
6728,The Ugly American,1963,0,0
6732,"Hello, Dolly!",1969,0,0
6738,Stazione Termini,1953,0,0
6739,At War with the Army,1950,0,0
6744,Once Bitten,1985,0,0
6745,The Shrimp on the Barbie,1990,0,0
6746,Squirm,1976,0,0
6749,The Prince and the Pauper,1990,0,0
6770,My Life Without Me,2003,0,0
6771,Dorm Daze 2,2006,0,0
6773,Les triplettes de Belleville,2003,0,0
6779,"Same Time, Next Year",1978,0,0
6781,"Jakob, der Lügner",1975,0,0
6782,Leningrad Cowboys Go America,1989,0,0
6784,The Song Remains the Same,1976,0,0
6785,Seven Brides for Seven Brothers,1954,0,0
6789,L'appartement,1996,0,0
6792,Sibirskiy tsiryulnik,1998,0,0
6801,La comunidad,2000,0,0
6805,Crying Freeman,1995,0,0
6807,The Meaning of Life,1983,0,0
6813,The Ghost and Mr. Chicken,1966,0,0
6821,More American Graffiti,1979,0,0
6824,Tais-toi!,2003,0,0
6825,The Reluctant Astronaut,1967,0,0
6826,The Shakiest Gun in the West,1968,0,0
6829,The Gun in Betty Lou's Handbag,1992,0,0
6830,Sudden Fear,1952,0,0
6831,Nobody's Baby,2001,0,0
6833,The Debut,2000,0,0
6835,Contamination,1980,0,0
6836,The Amazing Transparent Man,1960,0,0
6839,Try Seventeen,2002,0,0
6842,Picture This,2008,0,0
6847,There Goes My Baby,1994,0,0
6848,Kingdom of the Spiders,1977,0,0
6853,Campus Man,1987,0,0
6854,The Bedford Incident,1965,0,0
6857,Jûbê ninpûchô,1993,0,0
6859,All That Money Can Buy,1941,0,0
6862,Out of Time,2003,0,0
6894,Impulse,2008,0,0
6898,Super Sweet 16: The Movie,2007,0,0
6899,Alien from L.A.,1988,0,0
6900,Black Sunday,1977,0,0
6902,Interstate 60: Episodes of the Road,2002,0,0
6906,That Was Then... This Is Now,1985,0,0
6907,Holy Matrimony,1943,0,0
6910,Kronos,1957,0,0
6911,The Jolson Story,1946,0,0
6912,You'll Never Get Rich,1941,0,0
6913,Frankenstein and the Monster from Hell,1974,0,0
6914,Preaching to the Perverted,1997,0,0
6921,Czlowiek z marmuru,1977,0,0
6923,Sherlock Holmes and the Voice of Terror,1942,0,0
6924,Sherlock Holmes Faces Death,1943,0,0
6925,Sherlock Holmes in Washington,1943,0,0
6926,The Solid Gold Cadillac,1956,0,0
6937,Anything But Love,1989,0,0
6960,Marquis de Sade: Justine,1969,0,0
6961,Damage,1992,0,0
6963,The Devil's Playground,1976,0,0
6967,Dead of Night,1945,0,0
6968,Death Machine,1994,0,0
6969,Le dernier combat,1983,0,0
6976,Tales from the Crypt,1989,0,0
6977,New Jack City,1991,0,0
6980,Mr. Hobbs Takes a Vacation,1962,0,0
6982,Jeux interdits,1952,0,0
6984,A Tale of Two Cities,1958,0,0
6990,The Great Train Robbery,1903,0,0
6991,"Greystoke: The Legend of Tarzan, Lord of the Apes",1984,0,0
6995,Hercules in New York,1969,0,0
7002,Mindwalk,1990,0,0
7003,Kafka,1991,0,0
7021,Pure Luck,1991,0,0
7022,Batoru rowaiaru,2000,0,0
7036,Teen Wolf,1985,0,0
7047,Year of the Dragon,1985,0,0
7049,Flying Down to Rio,1933,0,0
7050,Follow the Fleet,1936,0,0
7052,Mary of Scotland,1936,0,0
7053,Roberta,1935,0,0
7054,Little Women,1994,0,0
7055,Swing Time,1936,0,0
7057,A Midsummer Night's Dream,1999,0,0
7058,Life with Father,1947,0,0
7059,National Velvet,1944,0,0
7062,Birdman of Alcatraz,1962,0,0
7064,La belle et la bête,1946,0,0
7070,Red River,1948,0,0
7072,Stagecoach,1939,0,0
7073,A Shot in the Dark,1964,0,0
7074,Flight of the Navigator,1986,0,0
7075,The Court Jester,1955,0,0
7077,Way Down East,1920,0,0
7078,Jezebel,1938,0,0
7079,The Hunchback of Notre Dame,1939,0,0
7081,I'm No Angel,1933,0,0
7082,That Touch of Mink,1962,0,0
7085,Send Me No Flowers,1964,0,0
7090,Ying xiong,2002,0,0
7092,Anna Karenina,1935,0,0
7095,Looking for Mr. Goodbar,1977,0,0
7099,Kaze no tani no Naushika,1984,0,0
7100,CrissCross,1992,0,0
7102,Dragnet,1987,0,0
7103,Madhouse,2004,0,0
7106,Noirs et blancs en couleur,1976,0,0
7113,Cabeza de Vaca,1991,0,0
7115,Profondo rosso,1975,0,0
7119,Movie Crazy,1932,0,0
7120,Dark Wolf,2003,0,0
7124,The Grass Is Greener,1960,0,0
7129,Queen of Hearts,1989,0,0
7131,A Summer Place,1959,0,0
7133,Metalstorm: The Destruction of Jared-Syn,1983,0,0
7134,Forbrydelsens element,1984,0,0
7135,Tirez sur le pianiste,1960,0,0
7150,Stuck on You,2003,0,0
7169,Chasing Liberty,2004,0,0
7180,Odds Against Tomorrow,1959,0,0
7182,Lord Love a Duck,1966,0,0
7183,There's a Girl in My Soup,1970,0,0
7186,Once Upon a Crime...,1992,0,0
7191,Blame It on the Bellboy,1992,0,0
7205,The Wind and the Lion,1975,0,0
7207,Where the Boys Are,1960,0,0
7208,Dr. Jekyll and Mr. Hyde,2008,0,0
7211,People Will Talk,1951,0,0
7214,Kiss Them for Me,1957,0,0
7216,High Sierra,1941,0,0
7217,Dark Passage,1947,0,0
7218,The Ox-Bow Incident,1943,0,0
7219,They Drive by Night,1940,0,0
7221,Platinum Blonde,1931,0,0
7224,The Boy with Green Hair,1948,0,0
7225,Pumping Iron,1977,0,0
7227,The Trouble with Angels,1966,0,0
7230,The Silencers,1966,0,0
7231,Where Angels Go Trouble Follows!,1968,0,0
7238,Popiól i diament,1958,0,0
7240,King David,1985,0,0
7241,Kanal,1957,0,0
7242,Cat Chaser,1989,0,0
7244,The Beast of Yucca Flats,1961,0,0
7249,Plaza Suite,1971,0,0
7252,The Three Stooges in Orbit,1962,0,0
7259,You Got Served,2004,0,0
7264,Un couple épatant,2002,0,0
7273,A Piece of the Action,1977,0,0
7274,Let's Do It Again,1953,0,0
7275,Uptown Saturday Night,1974,0,0
7276,Hell's Kitchen,1998,0,0
7278,Daddy and Them,2001,0,0
7279,The Wilby Conspiracy,1975,0,0
7281,Scream Blacula Scream,1973,0,0
7288,Foolish Wives,1922,0,0
7289,"Silent Night, Bloody Night",1974,0,0
7291,Pontiac Moon,1994,0,0
7298,La mentale,2002,0,0
7305,Black Widow,2008,0,0
7307,Flesh+Blood,1985,0,0
7308,King Solomon's Mines,1950,0,0
7309,The Black Pirate,1926,0,0
7311,"Goodbye, Mr. Chips",1939,0,0
7312,"Follow Me, Boys!",1966,0,0
7317,EuroTrip,2004,0,0
7329,Walk on the Wild Side,1962,0,0
7330,Tokyo Joe,1949,0,0
7339,Quartet,1981,0,0
7341,The Chase,1966,0,0
7344,The Wrong Arm of the Law,1963,0,0
7355,The Wind in the Willows,1996,0,0
7356,Night Crossing,1981,0,0
7357,Peyton Place,1957,0,0
7359,Walk Like a Man,1987,0,0
7379,The Alamo,2004,0,0
7389,One Million Years B.C.,1966,0,0
7391,"Mother, Jugs & Speed",1976,0,0
7392,Bandolero!,1968,0,0
7394,Those Magnificent Men in Their Flying Machines or How I Flew from London to Paris in 25 hours 11 minutes,1965,0,0
7397,Baby the Rain Must Fall,1965,0,0
7398,Belles on Their Toes,1952,0,0
7405,Road to Bali,1952,0,0
7406,The Flying Deuces,1939,0,0
7407,Africa Screams,1949,0,0
7408,Jack and the Beanstalk: The Real Story,2001,0,0
7409,Shu dan long wei,1995,0,0
7414,Going in Style,1979,0,0
7416,The Sunshine Boys,1975,0,0
7418,American Nightmare,2002,0,0
7454,Van Helsing,2004,0,0
7474,The Boys in the Band,1970,0,0
7479,Watch on the Rhine,1943,0,0
7482,Enter the Dragon,1973,0,0
7483,Terra Estrangeira,1996,0,0
7492,A Personal Journey with Martin Scorsese Through American Movies,1995,0,0
7523,The Desperate Hours,1955,0,0
7541,100 Girls,2000,0,0
7560,Fail-Safe,1964,0,0
7561,Paperhouse,1988,0,0
7562,Dobermann,1997,0,0
7563,The Discovery of Heaven,2001,0,0
7565,Cat-Women of the Moon,1953,0,0
7571,The Blue Gardenia,1953,0,0
7572,Wit,2001,0,0
7578,Midnight Movie,2008,0,0
7580,The Man in the Gray Flannel Suit,1956,0,0
7581,The Fountainhead,1949,0,0
7582,Old Acquaintance,1943,0,0
7583,In This Our Life,1942,0,0
7586,Soldaat van Oranje,1977,0,0
7587,Le samouraï,1967,0,0
7617,Rooster Cogburn,1975,0,0
7622,O Primeiro Dia,1998,0,0
7623,If You Only Knew,2000,0,0
7627,Just Write,1997,0,0
7638,Buck Privates,1941,0,0
7639,Nice Guys Sleep Alone,1999,0,0
7644,Divorce Iranian Style,1998,0,0
7645,Iron & Silk,1990,0,0
7646,Rose Red,2002,0,0
7647,Noises Off...,1992,0,0
7648,Wildflower,1991,0,0
7675,The Canterville Ghost,1996,0,0
7697,The Prince and the Showgirl,1957,0,0
7703,You Light Up My Life,1977,0,0
7706,Animal Crackers,1930,0,0
7723,Good Guys Wear Black,1978,0,0
7724,Steel Dawn,1987,0,0
7726,Boy Meets Girl,1984,0,0
7739,Virtual Sexuality,1999,0,0
7743,Explorers,1985,0,0
7751,Strange Cargo,1940,0,0
7752,Seven Girlfriends,1999,0,0
7753,Tuesdays with Morrie,1999,0,0
7757,Jason and the Argonauts,1963,0,0
7763,Winterschläfer,1997,0,0
7764,The Driller Killer,1979,0,0
7770,Treasure Island,1990,0,0
7771,Alexis Zorbas,1964,0,0
7772,Undercurrent,1946,0,0
7773,Bang Bang You're Dead,2002,0,0
7783,No se lo digas a nadie,1998,0,0
7790,"Bon Voyage, Charlie Brown (and Don't Come Back!!)",1980,0,0
7802,The Warriors,1979,0,0
7810,Babylon 5: A Call to Arms,1999,0,0
7811,Babylon 5: The River of Souls,1998,0,0
7812,Babylon 5: Thirdspace,1998,0,0
7813,FM,1978,0,0
7814,Waterloo,1970,0,0
7816,North Beach,2000,0,0
7821,Ice-Cold in Alex,1958,0,0
7822,Mogambo,1953,0,0
7824,Segunda piel,1999,0,0
7826,The Secret Life of Walter Mitty,1947,0,0
7827,Cypher,2002,0,0
7828,The Rack,1956,0,0
7831,Another Thin Man,1939,0,0
7832,The Thin Man Goes Home,1945,0,0
7833,Shadow of the Thin Man,1941,0,0
7834,After the Thin Man,1936,0,0
7835,Song of the Thin Man,1947,0,0
7838,The Internecine Project,1974,0,0
7843,Lammbock,2001,0,0
7844,Fong Sai Yuk,1993,0,0
7845,Tremors II: Aftershocks,1996,0,0
7846,Tremors 3: Back to Perfection,2001,0,0
7847,The Peanut Butter Solution,1985,0,0
7881,White Zombie,1932,0,0
7882,The Plague of the Zombies,1966,0,0
7884,Highway 61,1991,0,0
7886,Countess Dracula,1971,0,0
7888,How to Succeed in Business Without Really Trying,1967,0,0
7892,Gekitotsu! Satsujin ken,1974,0,0
7893,Satsujin ken 2,1974,0,0
7896,Ride the High Country,1962,0,0
7900,Frankenstein Must Be Destroyed,1969,0,0
7901,The Haunted Palace,1963,0,0
7912,Finder's Fee,2001,0,0
7913,La frusta e il corpo,1963,0,0
7915,SF: Episode One,1998,0,0
7916,Gidget,1959,0,0
7920,Desperate Living,1977,0,0
7921,The Devil's Rain,1975,0,0
7922,The Valachi Papers,1972,0,0
7923,Rolling Thunder,1977,0,0
7924,Nora inu,1949,0,0
7933,A Night in Casablanca,1946,0,0
7934,Zelig,1983,0,0
7945,Freud,1962,0,0
7946,Reflections in a Golden Eye,1967,0,0
7948,Wise Blood,1979,0,0
7953,Cani arrabbiati,1974,0,0
7958,Bloody Mama,1970,0,0
7980,A Bridge Too Far,1977,0,0
7984,They Came from Beyond Space,1967,0,0
7985,The Wonderful Ice Cream Suit,1998,0,0
7986,Robot Jox,1990,0,0
7988,Space Truckers,1996,0,0
7989,Not of This Earth,1957,0,0
7992,Cockfighter,1974,0,0
7993,A Bucket of Blood,1959,0,0
7994,Premature Burial,1962,0,0
7995,The Wild Angels,1966,0,0
8004,Terrore nello spazio,1965,0,0
8008,Brigadoon,1954,0,0
8009,Marjorie Morningstar,1958,0,0
8012,Kikujirô no natsu,1999,0,0
8013,I'm with Lucy,2002,0,0
8015,The Phantom Tollbooth,1970,0,0
8019,Honogurai mizu no soko kara,2002,0,0
8033,How to Steal a Million,1966,0,0
8035,La sindrome di Stendhal,1996,0,0
8037,Dangan ranna,1996,0,0
8040,Brain Donors,1992,0,0
8041,Passed Away,1992,0,0
8044,I Am a Fugitive from a Chain Gang,1932,0,0
8063,Paradise,1982,0,0
8069,Comes a Horseman,1978,0,0
8070,Halbe Treppe,2002,0,0
8117,I Kina spiser de hunde,1999,0,0
8122,Beyond the City Limits,2001,0,0
8124,Leaving Normal,1992,0,0
8126,Shock Corridor,1963,0,0
8136,Indestructible Man,1956,0,0
8137,The Wasp Woman,1959,0,0
8138,Attack of the Giant Leeches,1959,0,0
8139,Deranged,1974,0,0
8140,The Cruel Sea,1953,0,0
8142,Dead or Alive: Hanzaisha,1999,0,0
8147,Charlie and the Chocolate Factory,2005,0,0
8148,Twice Upon a Time,1983,0,0
8149,"Atlantis, the Lost Continent",1961,0,0
8153,Lust for Life,1956,0,0
8154,La dolce vita,1960,0,0
8168,De lift,1983,0,0
8187,On Moonlight Bay,1951,0,0
8188,Sanshô dayû,1954,0,0
8189,Zazie dans le métro,1960,0,0
8190,The Americanization of Emily,1964,0,0
8191,Anne of the Thousand Days,1969,0,0
8196,Beyond the Valley of the Dolls,1970,0,0
8198,Die 1000 Augen des Dr. Mabuse,1960,0,0
8201,At Play in the Fields of the Lord,1991,0,0
8206,Mystery of the Wax Museum,1933,0,0
8220,Incubo sulla città contaminata,1980,0,0
8221,War of the Buttons,1994,0,0
8227,Drums Along the Mohawk,1939,0,0
8232,I Love You Again,1940,0,0
8235,Safety Last!,1923,0,0
8236,While the City Sleeps,1956,0,0
8240,Totally F***ed Up,1993,0,0
8241,Megamind,2010,0,0
8256,Queen Christina,1933,0,0
8257,Battleground,1949,0,0
8262,The Green Pastures,1936,0,0
8263,Take Me Out to the Ball Game,1949,0,0
8265,The Frog Prince,1986,0,0
8270,Le mari de la coiffeuse,1990,0,0
8290,Mitchell,1975,0,0
8291,Ten Little Indians,1965,0,0
8292,Hakuchi,1951,0,0
8295,The Most Dangerous Game,1932,0,0
8330,Our Man in Havana,1959,0,0
8341,Oliver Twist,2005,0,0
8368,Harry Potter and the Prisoner of Azkaban,2004,0,0
8378,Doctor Who,1996,0,0
8381,For Me and My Gal,1942,0,0
8384,Love Finds Andy Hardy,1938,0,0
8385,Lover Come Back,1961,0,0
8387,Police Academy: Mission to Moscow,1994,0,0
8388,Ring of Bright Water,1969,0,0
8391,Big Wednesday,1978,0,0
8398,Major Movie Star,2008,0,0
8399,We're Not Married!,1952,0,0
8400,Wish You Were Here,2005,0,0
8401,The Adventures of Sherlock Holmes,1939,0,0
8402,Book of Love,2004,0,0
8403,Helen of Troy,1956,0,0
8404,The Hound of the Baskervilles,1959,0,0
8411,Urban Ghost Story,1998,0,0
8421,Muertos de risa,1999,0,0
8422,Kings Row,1942,0,0
8423,The Kid Brother,1927,0,0
8424,The Gay Divorcee,1934,0,0
8425,Meet the Applegates,1990,0,0
8426,Robotto kânibaru,1987,0,0
8427,Americathon,1979,0,0
8446,Sands of Iwo Jima,1949,0,0
8447,This Island Earth,1955,0,0
8450,Anthony Adverse,1936,0,0
8452,Moment by Moment,1978,0,0
8453,It Had to Be You,1947,0,0
8454,Luna Papa,1999,0,0
8459,The Heiress,1949,0,0
8460,State Fair,1945,0,0
8461,Dragon Seed,1944,0,0
8462,Executive Suite,1954,0,0
8463,Johnny Belinda,1948,0,0
8464,Super Size Me,2004,0,0
8481,'Northwest Passage' (Book I -- Rogers' Rangers),1940,0,0
8482,The Picture of Dorian Gray,1945,0,0
8483,The Born Losers,1967,0,0
8486,Bachelor Mother,1939,0,0
8487,Please Don't Eat the Daisies,1960,0,0
8499,Pretty Baby,1978,0,0
8502,Show Boat,1936,0,0
8503,Ivanhoe,1952,0,0
8511,The Immigrant,1917,0,0
8518,Anna Christie,1930,0,0
8519,The Bat People,1974,0,0
8521,Dr. Jekyll and Mr. Hyde,2008,0,0
8522,My Little Chickadee,1940,0,0
8524,The High and the Mighty,1954,0,0
8525,The Ugly Dachshund,1966,0,0
8533,The Notebook,2004,0,0
8540,Back to Bataan,1945,0,0
8541,Bloodhounds of Broadway,1989,0,0
8542,A Day at the Races,1937,0,0
8544,"Now You See Him, Now You Don't",1972,0,0
8545,Briar Patch,2003,0,0
8572,The Littlest Rebel,1935,0,0
8574,A Claymation Christmas Celebration,1987,0,0
8576,Kopps,2003,0,0
8580,Into the Woods,1991,0,0
8581,Pirates of Silicon Valley,1999,0,0
8582,Manufacturing Consent: Noam Chomsky and the Media,1992,0,0
8583,Twelve O'Clock High,1949,0,0
8585,Rapa Nui,1994,0,0
8586,Roxie Hart,1942,0,0
8589,Talvisota,1989,0,0
8591,The Philadelphia Experiment,1984,0,0
8592,The Wheeler Dealers,1963,0,0
8593,Juice,1992,0,0
8594,The Secret Life of Girls,1999,0,0
8596,Revenge of the Pink Panther,1978,0,0
8600,Angels with Dirty Faces,1938,0,0
8601,Zéro de conduite: Jeunes diables au collège,1933,0,0
8603,Coming Out,1989,0,0
8605,Taxi 3,2003,0,0
8606,Pull My Daisy,1959,0,0
8609,Our Hospitality,1923,0,0
8611,The Farmer's Daughter,1947,0,0
8612,Lassie Come Home,1943,0,0
8613,The Time of Your Life,1948,0,0
8615,The Mask of Fu Manchu,1932,0,0
8616,By the Light of the Silvery Moon,1953,0,0
8617,BUtterfield 8,1960,0,0
8619,Sister My Sister,1994,0,0
8624,Freedom Downtime,2001,0,0
8626,Dr. Terror's House of Horrors,1965,0,0
8629,The Book of Life,1998,0,0
8635,Ultimo mondo cannibale,1977,0,0
8636,Spider-Man,2002,0,0
8637,America's Heart and Soul,2004,0,0
8643,Another Cinderella Story,2008,0,0
8644,"I, Robot",2004,0,0
8647,Follow That Dream,1962,0,0
8648,La niña de tus ojos,1998,0,0
8649,Gray Lady Down,1978,0,0
8651,Man of La Mancha,1972,0,0
8654,Prince Valiant,1954,0,0
8655,Rustlers' Rhapsody,1985,0,0
8657,The Tin Star,1957,0,0
8658,Zandalee,1991,0,0
8659,Brève traversée,2001,0,0
8660,Potop,1974,0,0
8661,How the West Was Won,1962,0,0
8663,Live Forever,2003,0,0
8664,Mr. Klein,1976,0,0
8668,Some Girls,1988,0,0
8670,Das Testament des Dr. Mabuse,1933,0,0
8673,Crash Dive,1943,0,0
8674,Disco Pigs,2001,0,0
8675,The Enemy Below,1957,0,0
8676,Fist of the North Star,1995,0,0
8677,Flash Gordon Conquers the Universe,1940,0,0
8678,Guns of the Magnificent Seven,1969,0,0
8682,The Last Valley,1971,0,0
8683,The Magnificent Seven Ride!,1972,0,0
8685,Marcelino pan y vino,1955,0,0
8686,Morituri,1965,0,0
8687,Orgy of the Dead,1965,0,0
8690,Slaughterhouse-Five,1972,0,0
8692,Wake Island,1942,0,0
8693,What Price Glory,1952,0,0
8694,You Were Never Lovelier,1942,0,0
8696,Breezy,1973,0,0
8697,En la ciudad sin límites,2002,0,0
8699,Dancing in September,2000,0,0
8700,Destination Tokyo,1943,0,0
8703,Fausto 5.0,2001,0,0
8704,For Queen & Country,1988,0,0
8708,Hometown Legend,2002,0,0
8709,How I Got Into College,1989,0,0
8711,Mr. Blandings Builds His Dream House,1948,0,0
8713,The New Adventures of Pippi Longstocking,1988,0,0
8714,Night and Day,1946,0,0
8715,No Name on the Bullet,1959,0,0
8716,The Plainsman,1936,0,0
8718,The Snake Pit,1948,0,0
8719,The Spoilers,1942,0,0
8720,Super Size Me,2004,0,0
8725,"Goodbye, Columbus",1969,0,0
8728,The Creeping Flesh,1973,0,0
8732,The Belly of an Architect,1987,0,0
8733,Nid de guêpes,2002,0,0
8734,Love Happy,1949,0,0
8737,Crimetime,1996,0,0
8739,Mamma Roma,1962,0,0
8741,Ruby Cairo,1993,0,0
8742,Night Patrol,1984,0,0
8743,Biggles,1986,0,0
8744,Fancy Pants,1950,0,0
8745,The World of Suzie Wong,1960,0,0
8746,King of the Ants,2003,0,0
8747,Uncle Sam,1997,0,0
8748,"Ieri, oggi, domani",1963,0,0
8752,The Set-Up,1949,0,0
8753,Unprecedented: The 2000 Presidential Election,2002,0,0
8756,The North Avenue Irregulars,1979,0,0
8759,Greyfriars Bobby: The True Story of a Dog,1961,0,0
8760,Side Out,1990,0,0
8761,The Three Lives of Thomasina,1964,0,0
8762,"No Deposit, No Return",1976,0,0
8763,"The One and Only, Genuine, Original Family Band",1968,0,0
8766,Black Angel,1946,0,0
8767,The Big Clock,1948,0,0
8768,CrissCross,1992,0,0
8769,The Fifth Musketeer,1979,0,0
8770,Evilspeak,1981,0,0
8771,Terror by Night,1946,0,0
8772,The Spy Who Came in from the Cold,1965,0,0
8773,Sherlock Holmes and the Secret Weapon,1943,0,0
8774,The Woman in Green,1945,0,0
8775,The Counterfeit Traitor,1962,0,0
8778,Dressed to Kill,1946,0,0
8787,Thunderbirds Are GO,1966,0,0
8788,Thunderbird 6,1968,0,0
8791,Sip si 32 dou,1996,0,0
8792,Octane,2003,0,0
8794,Neokonchennaya pyesa dlya mekhanicheskogo pianino,1977,0,0
8795,Musa,2001,0,0
8796,A Funny Thing Happened on the Way to the Forum,1966,0,0
8797,Death of a Salesman,1985,0,0
8803,Aoi haru,2001,0,0
8805,Juyuso seubgyuksageun,1999,0,0
8818,It Happened at the World's Fair,1963,0,0
8821,Harum Scarum,1965,0,0
8822,The Spaceman and King Arthur,1979,0,0
8823,The Sting II,1983,0,0
8825,Cheerleader Camp,1988,0,0
8827,Bill Cosby: Himself,1983,0,0
8838,Alice Doesn't Live Here Anymore,1974,0,0
8842,Past Midnight,1991,0,0
8843,A Million to Juan,1994,0,0
8853,A Small Circle of Friends,1980,0,0
8854,Night of the Demons III,1997,0,0
8855,Witchboard,1986,0,0
8858,The Apple,1980,0,0
8872,A Dirty Shame,2004,0,0
8875,"Come Back, Little Sheba",1952,0,0
8878,Class of Nuke 'Em High Part II: Subhumanoid Meltdown,1991,0,0
8881,Alexander's Ragtime Band,1938,0,0
8886,Sssssss,1973,0,0
8889,The Legacy,1978,0,0
8890,The Alligator People,1959,0,0
8893,Basket Case 2,1990,0,0
8894,Orca,1977,0,0
8896,I Married a Monster from Outer Space,1958,0,0
8898,Robinson Crusoe,1997,0,0
8900,Watermelon Man,1970,0,0
8903,Planet Terror,2007,0,0
8906,Cannibal Holocaust,1980,0,0
8908,Ladder 49,2004,0,0
8915,Stage Beauty,2004,0,0
8920,The Country Girl,1954,0,0
8921,The Rose Tattoo,1955,0,0
8925,Spinning Boris,2003,0,0
8926,Circle of Iron,1978,0,0
8929,Black Beauty,1994,0,0
8931,Born Rich,2003,0,0
8932,It's Alive,1974,0,0
8934,Bébé's Kids,1992,0,0
8936,La vie et rien d'autre,1989,0,0
8961,The Incredibles,2004,0,0
8964,Callas Forever,2002,0,0
8976,San-Antonio,2004,0,0
8979,Guerrilla: The Taking of Patty Hearst,2004,0,0
8986,The Bellboy,1960,0,0
8987,Le monde selon Bush,2004,0,0
8988,Cinderfella,1960,0,0
8989,Damn Yankees!,1958,0,0
8990,The Delicate Delinquent,1957,0,0
8992,The Errand Boy,1961,0,0
8993,The Family Jewels,1965,0,0
8997,The Stooge,1952,0,0
8999,"That's Entertainment, Part II",1976,0,0
9000,That's Entertainment! III,1994,0,0
9001,The Wackiest Ship in the Army,1960,0,0
9003,Conquest of Space,1955,0,0
9004,D.A.R.Y.L.,1985,0,0
9007,I'll Be Seeing You,1944,0,0
9008,The Invisible Man Returns,1940,0,0
9011,Portrait of Jennie,1948,0,0
9014,Since You Went Away,1944,0,0
9017,Oliver Twist,2005,0,0
25736,Dr. Jekyll and Mr. Hyde,2008,0,0
25737,"Der Golem, wie er in die Welt kam",1920,0,0
25746,The Hunchback of Notre Dame,1939,0,0
25750,Sherlock Jr.,1924,0,0
25753,Greed,1924,0,0
25764,The Cameraman,1928,0,0
25769,"Steamboat Bill, Jr.",1928,0,0
25777,Monkey Business,1931,0,0
25783,The Return of Doctor X,1939,0,0
25795,Dinner at Eight,1933,0,0
25797,Gold Diggers of 1933,1933,0,0
25798,De fortabte sjæles ø,2007,0,0
25802,The Son of Kong,1933,0,0
25826,Libeled Lady,1936,0,0
25827,Mr. Deeds Goes to Town,1936,0,0
25828,The Petrified Forest,1936,0,0
25832,Wife vs. Secretary,1936,0,0
25835,Dead End,2003,0,0
25839,Nothing Sacred,1937,0,0
25840,The Prisoner of Zenda,1952,0,0
25841,Stage Door Canteen,1943,0,0
25850,The Holiday,2006,0,0
25855,The Roaring Twenties,1939,0,0
25866,The Sea Hawk,1940,0,0
25870,Here Comes Mr. Jordan,1941,0,0
25878,Across the Pacific,1942,0,0
25885,Prelude to War,1943,0,0
25886,Random Harvest,1942,0,0
25888,Action in the North Atlantic,1943,0,0
25891,Heaven Can Wait,1943,0,0
25893,The Memphis Belle: A Story of a Flying Fortress,1944,0,0
25899,Cover Girl,1944,0,0
25900,The Curse of the Cat People,1944,0,0
25903,The Mask of Dimitrios,1944,0,0
25904,Ministry of Fear,1944,0,0
25906,Mr. Skeffington,1944,0,0
25908,Passage to Marseille,1944,0,0
25916,They Were Expendable,1945,0,0
25924,Humoresque,1946,0,0
25931,Road to Rio,1947,0,0
25938,Fort Apache,1948,0,0
25940,The Lady from Shanghai,2010,0,0
25941,Yi ge mo sheng nu ren de lai xin,2004,0,0
25961,The Gunfighter,1950,0,0
25962,King Solomon's Mines,1950,0,0
25975,Saikaku ichidai onna,1952,0,0
25977,Abbott and Costello Meet Dr. Jekyll and Mr. Hyde,1953,0,0
25993,Z Channel: A Magnificent Obsession,2004,0,0
25995,Miyamoto Musashi,1954,0,0
25996,A Star Is Born,1937,0,0
26005,Zoku Miyamoto Musashi: Ichijôji no kettô,1955,0,0
26007,Tuntematon sotilas,1955,0,0
26012,Miyamoto Musashi kanketsuhen: kettô Ganryûjima,1956,0,0
26048,Ningen no jôken,1959,0,0
26059,Onna ga kaidan wo agaru toki,1960,0,0
26073,Ningen no jôken,1961,0,0
26079,David and Lisa,1962,0,0
26084,The Music Man,1962,0,0
26101,McLintock!,1963,0,0
26110,36 Hours,1965,0,0
26113,The Best Man,2005,0,0
26116,"Hush...Hush, Sweet Charlotte",1964,0,0
26119,The Naked Kiss,1964,0,0
26123,Robin and the 7 Hoods,1964,0,0
26124,Robinson Crusoe on Mars,1964,0,0
26133,A Charlie Brown Christmas,1965,0,0
26136,The Hallelujah Trail,1965,0,0
26139,In Harm's Way,1965,0,0
26144,Operation Crossbow,1965,0,0
26147,A Thousand Clowns,1965,0,0
26155,Khartoum,1966,0,0
26159,Tôkyô nagaremono,1966,0,0
26178,Two for the Road,1967,0,0
26181,The War Wagon,1967,0,0
26185,Dracula Has Risen from the Grave,1968,0,0
26187,Head,1968,0,0
26189,"I Love You, Alice B. Toklas!",1968,0,0
26203,Colossus: The Forbin Project,1970,0,0
26222,Dodesukaden,1970,0,0
26226,"Hi, Mom!",1970,0,0
26228,En kärlekshistoria,1970,0,0
26230,On a Clear Day You Can See Forever,1970,0,0
26240,The Beguiled,1971,0,0
26251,Mon oncle Antoine,1971,0,0
26265,Dr. Phibes Rises Again,1972,0,0
26270,Kozure Ôkami: Sanzu no kawa no ubaguruma,1972,0,0
26283,Charley Varrick,1973,0,0
26294,Il mio nome è Nessuno,1973,0,0
26323,The Groove Tube,1974,0,0
26336,The Adventure of Sherlock Holmes' Smarter Brother,1975,0,0
26339,Dolemite,1975,0,0
26349,Night Moves,1975,0,0
26364,From Noon Till Three,1976,0,0
26379,Jesus of Nazareth,1977,0,0
26388,The Hound of the Baskervilles,1959,0,0
26394,The Turning Point,1977,0,0
26398,Capricorn One,1977,0,0
26413,Se ying diu sau,1978,0,0
26422,Hair,1979,0,0
26464,Blue Thunder,1983,0,0
26465,D.C. Cab,1983,0,0
26472,El Norte,1983,0,0
26479,The Pirates of Penzance,1983,0,0
26483,Rock & Rule,1983,0,0
26497,Another Country,1984,0,0
26498,Boy Meets Girl,1984,0,0
26504,Cloak & Dagger,1984,0,0
26513,The Ice Pirates,1984,0,0
26554,The Quiet Earth,1985,0,0
26555,Spies Like Us,1985,0,0
26567,Club Paradise,1986,0,0
26585,Ying hung boon sik,1986,0,0
26606,Sien nui yau wan,1987,0,0
26629,Killer Klowns from Outer Space,1988,0,0
26662,Majo no takkyûbin,1989,0,0
26676,Almost an Angel,1990,0,0
26677,Black Rainbow,1989,0,0
26681,Die xue jie tou,1990,0,0
26693,It,1990,0,0
26734,A Kiss Before Dying,1956,0,0
26743,Omohide poro poro,1991,0,0
26770,Diggstown,1992,0,0
26776,Kurenai no buta,1992,0,0
26792,Sidekick,2005,0,0
26811,Bai fa mo nu zhuan,1993,0,0
26812,Barbarians at the Gate,1993,0,0
26834,Philadelphia Experiment II,1993,0,0
26838,The Snapper,1993,0,0
26840,Sonatine,1993,0,0
26842,Tai ji: Zhang San Feng,1993,0,0
26865,Jing wu ying xiong,1994,0,0
26898,Gonin,1995,0,0
26903,Mimi wo sumaseba,1995,0,0
26915,Tromeo and Juliet,1996,0,0
26934,Sik san,1996,0,0
26950,Sgt. Kabukiman N.Y.P.D.,1990,0,0
26985,Nirvana,1997,0,0
26989,Perdita Durango,1997,0,0
26996,Safe House,1998,0,0
27022,Thursday,1998,0,0
27109,Shurayukihime,1973,0,0
27114,Takedown,2000,0,0
27193,Taxi 2,2000,0,0
27340,The Sleeping Dictionary,2003,0,0
27362,Kabhi Khushi Kabhie Gham...,2001,0,0
27370,Late Night Shopping,2001,0,0
27402,Dagon,2001,0,0
27432,The Beautiful Country,2004,0,0
27436,Mockingbird Don't Sing,2001,0,0
27450,Blueberry,2004,0,0
27456,Shackleton's Antarctic Adventure,2001,0,0
27509,Carolina,2003,0,0
27523,Yeopgijeogin geunyeo,2001,0,0
27528,The Warriors,1979,0,0
27555,Fubar,2002,0,0
27563,Katakuri-ke no kôfuku,2001,0,0
27584,Dead End,2003,0,0
27604,Jisatsu sâkuru,2001,0,0
27608,Immortel (ad vitam),2004,0,0
27611,Battlestar Galactica,2003,0,0
27636,Herr Lehmann,2003,0,0
27685,Bring It on Again,2004,0,0
27689,Les rivières pourpres II - Les anges de l'apocalypse,2004,0,0
27727,Gegen die Wand,2004,0,0
27772,Ju-on,2002,0,0
27778,Ginger Snaps Back: The Beginning,2004,0,0
27790,20 Million Miles to Earth,1957,0,0
27834,Vozvrashchenie,2003,0,0
27875,Redemption: The Stan Tookie Williams Story,2004,0,0
27905,Casshern,2004,0,0
30712,The Narrow Margin,1952,0,0
30721,Hell Is for Heroes,1962,0,0
30783,Sei donne per l'assassino,1964,0,0
30793,Charlie and the Chocolate Factory,2005,0,0
30942,Arrowhead,1953,0,0
30949,The Grateful Dead,1977,0,0
30952,Last Train from Gun Hill,1959,0,0
30954,The Naked Jungle,1954,0,0
31032,The Last Horror Movie,2003,0,0
31042,Hell's Angels,1930,0,0
31047,Jinxed!,1982,0,0
31053,Heart of America,2002,0,0
31060,A Show of Force,1990,0,0
31079,Kaijûtô no kessen: Gojira no musuko,1967,0,0
31086,Jingi naki tatakai,1973,0,0
31090,Führer Ex,2002,0,0
31104,Hester Street,1975,0,0
31107,Mikey and Nicky,1976,0,0
31109,The Bigamist,1953,0,0
31112,Libertarias,1996,0,0
31123,Tais-toi!,2003,0,0
31148,Dzien swira,2002,0,0
31156,Abbott and Costello Meet the Invisible Man,1951,0,0
31160,"Abbott and Costello Meet the Killer, Boris Karloff",1949,0,0
31251,Iceman,1984,0,0
31260,Boys Town,1938,0,0
31359,Moolaadé,2004,0,0
31410,Der Untergang,2004,0,0
31528,Beau Geste,1939,0,0
31547,Lektionen in Finsternis,1992,0,0
31577,Scorchers,1991,0,0
31742,Jeremy,1973,0,0
31747,Don't Tell Her It's Me,1990,0,0
31785,Paha maa,2005,0,0
31854,Road to Morocco,1942,0,0
31909,Dr. Giggles,1992,0,0
31950,Night of the Demon,1957,0,0
31973,Germania anno zero,1948,0,0
32011,Cursed,2005,0,0
32031,"I, Robot",2004,0,0
32060,The Cat and the Canary,1927,0,0
32062,Courage Mountain,1990,0,0
32074,Kiss the Bride,2002,0,0
32076,"Gojira, Ebirâ, Mosura: Nankai no daiketto",1966,0,0
32078,Gojira VS Mekagojira,1993,0,0
32082,That Championship Season,1982,0,0
32088,DNA,1997,0,0
32109,Les triplettes de Belleville,2003,0,0
32116,"Oh, God! You Devil",1984,0,0
32124,Deus É Brasileiro,2003,0,0
32128,Blackball,2003,0,0
32139,The Agony and the Ecstasy,1965,0,0
32141,Return to Peyton Place,1961,0,0
32149,Butch and Sundance: The Early Days,1979,0,0
32151,It Happened to Jane,1959,0,0
32156,Hello Down There,1969,0,0
32158,All in a Night's Work,1961,0,0
32166,Strangers When We Meet,1960,0,0
32174,The Green Berets,1968,0,0
32213,Cube Zero,2004,0,0
32261,Thirty Seconds Over Tokyo,1944,0,0
32325,Yanks,1979,0,0
32329,Paradise Alley,1978,0,0
32335,Caballos salvajes,1995,0,0
32345,Arrowsmith,1931,0,0
32349,Stella Dallas,1937,0,0
32375,Der junge Törless,1966,0,0
32381,Bells Are Ringing,1960,0,0
32387,Dai-bosatsu tôge,1966,0,0
32389,Profundo carmesí,1996,0,0
32395,Matango,1963,0,0
32456,Heisei tanuki gassen pompoko,1994,0,0
32460,Knockin' on Heaven's Door,1997,0,0
32617,Sinbad and the Eye of the Tiger,1977,0,0
32625,Krakatoa: East of Java,1969,0,0
32632,Electra Glide in Blue,1973,0,0
32646,Bring on the Night,1985,0,0
32649,Una giornata particolare,1977,0,0
32657,L'homme qui plantait des arbres,1988,0,0
32666,Lady Killers,2003,0,0
32668,Blind Horizon,2003,0,0
32674,Islands in the Stream,1977,0,0
32677,Go for Broke!,1951,0,0
32721,Battle of the Bulge,1965,0,0
32743,Ringu 0: Bâsudei,2000,0,0
32781,Hawaii,1966,0,0
32825,Seksmisja,1984,0,0
32862,With Six You Get Eggroll,1968,0,0
32882,The Big Store,1941,0,0
32954,The Chant of Jimmie Blacksmith,1978,0,0
33036,The Eiger Sanction,1975,0,0
33150,The Game of Their Lives,2005,0,0
33188,Mischief,1985,0,0
33191,Jubal,1956,0,0
33193,Viva Maria!,1965,0,0
33237,San Francisco,1936,0,0
33296,Buying the Cow,2002,0,0
33340,Kizzu ritân,1996,0,0
33410,Crackerjack,2002,0,0
33608,December 7th,1943,0,0
33629,Airborne,1993,0,0
33781,Quo Vadis,1951,0,0
34002,Room Service,1938,0,0
34018,At the Circus,1939,0,0
34158,Julie Johnson,2001,0,0
34170,C.H.O.M.P.S,1979,0,0
34189,Twin Sitters,1994,0,0
34338,The Aristocrats,2005,0,0
34359,Georgy Girl,1966,0,0
34534,Four Brothers,2005,0,0
34608,The Best of Everything,1959,0,0
34643,The Three Stooges Meet Hercules,1962,0,0
34645,Race with the Devil,1975,0,0
34648,Akasia,2003,0,0
36056,Man of the West,1958,0,0
36513,Dirty Deeds,2002,0,0
36519,Transporter 2,2005,0,0
36553,In Old Chicago,1937,0,0
36708,Family Guy Presents Stewie Griffin: The Untold Story,2005,0,0
36752,Revenge of the Ninja,1983,0,0
37211,Go West,1940,0,0
37335,Da zui xia,1966,0,0
37382,Domino,2005,0,0
37720,The Exorcism of Emily Rose,2005,0,0
37736,Oliver Twist,2005,0,0
37830,Final Fantasy VII: Advent Children,2005,0,0
37844,Roll Bounce,2005,0,0
38095,Dalkomhan insaeng,2005,0,0
38188,Bubble,2005,0,0
39052,Star Wreck: In the Pirkinning,2005,0,0
39369,Detective Story,1951,0,0
39408,Left Behind: World at War,2005,0,0
39416,Kids in America,2005,0,0
39419,Where the Truth Lies,2005,0,0
39715,American Pie Presents Band Camp,2005,0,0
39896,Don't Be a Menace to South Central While Drinking Your Juice in the Hood,1996,0,0
40010,Temporada de patos,2004,0,0
40491,Tulitikkutehtaan tyttö,1990,0,0
40494,Zombie ja Kummitusjuna,1991,0,0
40586,Calamari Union,1985,0,0
40752,Takeshis',2005,0,0
40817,Dinner with Friends,2001,0,0
40833,I pugni in tasca,1965,0,0
40870,Movie Crazy,1932,0,0
40959,The Ice Harvest,2005,0,0
40973,The Wild Geese,1978,0,0
40988,Hondo,1953,0,0
41617,Havoc,2005,0,0
41831,They Died with Their Boots On,1941,0,0
42094,El espíritu de la colmena,1973,0,0
42213,"Goodnight, Mister Tom",1998,0,0
42556,7 Faces of Dr. Lao,1964,0,0
42681,49th Parallel,1941,0,0
42730,Glory Road,2006,0,0
43011,The Dunwich Horror,1970,0,0
43708,Da Block Party,2004,0,0
43710,Madame Curie,1943,0,0
43853,The Business,2005,0,0
43987,Half Light,2006,0,0
44073,Stromboli,1950,0,0
44193,She's the Man,2006,0,0
44665,Lucky Number Slevin,2006,0,0
44777,Evil Aliens,2005,0,0
44864,Friends with Money,2006,0,0
44889,Reefer Madness: The Movie Musical,2005,0,0
44978,Dead Birds,2004,0,0
45335,Footlight Parade,1933,0,0
45611,Vera Cruz,1954,0,0
45981,Hollow Man II,2006,0,0
46062,High School Musical,2006,0,0
46258,Marked Woman,1937,0,0
46322,Huo Yuan Jia,2006,0,0
46653,The 300 Spartans,1962,0,0
46901,The Purple Plain,1954,0,0
47254,Chaos,2005,0,0
47493,Cabin in the Sky,1943,0,0
47615,Adventures of Don Juan,1948,0,0
47634,36 Quai des Orfèvres,2004,0,0
47723,Way Out West,1937,0,0
47793,The Puffy Chair,2005,0,0
47978,SherryBaby,2006,0,0
48301,The Private Life of Henry VIII.,1933,0,0
48326,All the King's Men,2006,0,0
48374,Otets Sergiy,1917,0,0
48649,Chapaev,1934,0,0
48909,The Beast with Five Fingers,1946,0,0
48943,The Butterfly Effect 2,2006,0,0
49007,Arabesque,1966,0,0
49110,Mom and Dad Save the World,1992,0,0
49132,Shut Up & Sing,2006,0,0
49278,Deja Vu,2006,0,0
49286,The Holiday,2006,0,0
49571,Dracula's Daughter,1936,0,0
49649,Eragon,2006,0,0
49688,The Dam Busters,1955,0,0
49817,The Plague Dogs,1982,0,0
50147,Black Christmas,2006,0,0
50189,American Pie Presents The Naked Mile,2006,0,0
50253,David and Bathsheba,1951,0,0
50347,Rosario Tijeras,2005,0,0
50356,Don Camillo,1952,0,0
50447,The Dead Girl,2006,0,0
50477,"Le testament d'Orphée, ou ne me demandez pas pourquoi!",1960,0,0
51014,The Strange Case of Dr. Jekyll and Mr. Hyde,1968,0,0
51277,Shao Lin san shi liu fang,1978,0,0
51372,Cats,1998,0,0
51562,Babylon 5: The Gathering,1993,0,0
51638,The Westerner,1940,0,0
51678,Julius Caesar,2002,0,0
51903,I Think I Love My Wife,2007,0,0
51911,The Fugitive Kind,1960,0,0
52101,Shizukanaru kettô,1949,0,0
52328,Sunshine,2007,0,0
52352,Judge Priest,1934,0,0
52375,The Hoax,2006,0,0
52591,The Contract,2006,0,0
52606,Big Nothing,2006,0,0
52666,Benny's Video,1992,0,0
52715,Kickin It Old Skool,2007,0,0
52767,21,1977,0,0
52973,Knocked Up,2007,0,0
53038,Red Dust,2004,0,0
53355,Sonnenallee,1999,0,0
53737,The Night of the Generals,1967,0,0
53887,O Lucky Man!,1973,0,0
53956,Death at a Funeral,2007,0,0
53996,Transformers,2007,0,0
54775,War,2007,0,0
54780,The Nanny Diaries,2007,0,0
54995,Planet Terror,2007,0,0
55159,Fukushû suru wa ware ni ari,1979,0,0
55259,The Seeker: The Dark Is Rising,2007,0,0
55603,My Mom's New Boyfriend,2008,0,0
55895,The Desperate Hours,1955,0,0
55908,The Man from Earth,2007,0,0
56015,Kansas City Confidential,1952,0,0
56067,Texas Terror,1935,0,0
56156,Hitman,2007,0,0
56251,Futurama: Bender's Big Score,2007,0,0
56633,Butterfly on a Wheel,2007,0,0
56700,The Flock,2007,0,0
56715,Wristcutters: A Love Story,2006,0,0
56744,Longford,2006,0,0
56885,The Great Debaters,2007,0,0
56915,The Water Horse,2007,0,0
56921,Battlestar Galactica: Razor,2007,0,0
56941,P.S. I Love You,2007,0,0
57476,The Cheyenne Social Club,1970,0,0
57480,The Iron Horse,1924,0,0
57484,3 Bad Men,1926,0,0
57522,First Sunday,2008,0,0
57550,Im Lauf der Zeit,1976,0,0
57690,The Shoes of the Fisherman,1968,0,0
57964,Blue State,2007,0,0
58084,Street Thief,2006,0,0
58376,Zeitgeist,2007,0,0
58898,La antena,2007,0,0
59026,99 francs,2007,0,0
59129,Outpost,2008,0,0
59157,The Invisible Ray,1936,0,0
59392,Stargate: The Ark of Truth,2008,0,0
59715,Shutter,2004,0,0
59738,All the Boys Love Mandy Lane,2006,0,0
60137,The Rape of Europa,2006,0,0
60161,Futurama: The Beast with a Billion Backs,2008,0,0
60189,Archangel,2005,0,0
60201,Sayat Nova,1968,0,0
60309,Along Came Jones,1945,0,0
60336,Mauvais sang,1986,0,0
60411,Erogotoshi-tachi yori: Jinruigaku nyûmon,1966,0,0
60484,Waga seishun ni kuinashi,1946,0,0
60487,"It's the Great Pumpkin, Charlie Brown",1966,0,0
60674,Stargate: Continuum,2008,0,0
60990,Kohayagawa-ke no aki,1961,0,0
61024,Pineapple Express,2008,0,0
61037,Stellet licht,2007,0,0
61123,High School Musical,2006,0,0
61312,Noise,2007,0,0
61394,The Onion Movie,2008,0,0
61434,Oh! What a Lovely War,1969,0,0
61470,The Boys in Company C,1978,0,0
61634,Son of Lassie,1945,0,0
61724,Varjoja paratiisissa,1986,0,0
61742,Maradona by Kusturica,2008,0,0
61818,The Crow: Wicked Prayer,2005,0,0
61931,Private Parts,1997,0,0
61934,Freebie and the Bean,1974,0,0
61950,Boot Camp,2007,0,0
61970,Project Moon Base,1953,0,0
62010,Käsky,2008,0,0
62153,Look Back in Anger,1959,0,0
62265,The Accidental Husband,2008,0,0
62331,Dead Leaves,2004,0,0
62336,FLCL,2000,0,0
62378,Magicians,2007,0,0
62660,Les deux mondes,2007,0,0
62662,Tokyo-Ga,1985,0,0
62669,Kuroi kawa,1957,0,0
62721,Bad Eggs,2003,0,0
62729,Niko - Lentäjän poika,2008,0,0
62788,Lost Boys: The Tribe,2008,0,0
62796,Fifty Pills,2006,0,0
62801,Kozure Ôkami: Shinikazeni mukau ubaguruma,1972,0,0
62803,Kozure Ôkami: Oya no kokoro ko no kokoro,1972,0,0
62834,Babylon 5: The Legend of the Rangers: To Live and Die in Starlight,2002,0,0
62836,Babylon 5: The Lost Tales,2007,0,0
62916,The Wicked Lady,1945,0,0
62956,Futurama: Bender's Game,2008,0,0
63069,Ginî piggu 2: Chiniku no hana,1985,0,0
63121,A Tale of Two Cities,1958,0,0
63189,Sauna,2008,0,0
63276,Kurôzu zero,2007,0,0
63329,Joulutarina,2007,0,0
63339,Todas las azafatas van al cielo,2002,0,0
63393,Camp Rock,2008,0,0
63433,Farscape: The Peacekeeper Wars,2004,0,0
63458,Critters 4,1992,0,0
63647,Goyôkiba,1972,0,0
63662,Joi gin a long,1999,0,0
63768,Irezumi ichidai,1965,0,0
63772,Bullfighter and the Lady,1951,0,0
63793,Wagon Master,1950,0,0
63806,Ring of Darkness,2004,0,0
63989,The Devil-Doll,1936,0,0
64245,The Bellboy,1960,0,0
64249,Shrek the Halls,2007,0,0
64273,Les amants,1958,0,0
64280,Britannia Hospital,1982,0,0
64285,Wallace and Gromit in 'A Matter of Loaf and Death',2008,0,0
64338,Gypsy,1962,0,0
64368,Ninja III: The Domination,1984,0,0
64508,Starship Troopers 3: Marauder,2008,0,0
64750,Pin,1988,0,0
64900,Sien nui yau wan II yan gaan do,1990,0,0
64906,The Battle of Britain,1943,0,0
64918,Petites coupures,2003,0,0
64921,Arabian Nights,2000,0,0
64976,Hexed,1993,0,0
64999,War of the Worlds 2: The Next Wave,2008,0,0
65006,Impulse,2008,0,0
65011,Zona Zamfirova,2002,0,0
65133,Blackadder Back & Forth,1999,0,0
Execution Time: 7.120 ms